ID,present_skills,missing_skills
16852973,"['data analysis', 'statistics']","['sql', 'machine learning', 'nlp', 'excel', 'python']"
22323967,[],"['machine learning', 'data analysis', 'nlp', 'sql', 'statistics', 'excel', 'python']"
33176873,['excel'],"['sql', 'machine learning', 'data analysis', 'nlp', 'statistics', 'python']"
27018550,['excel'],"['sql', 'machine learning', 'data analysis', 'nlp', 'statistics', 'python']"
17812897,['excel'],"['sql', 'machine learning', 'data analysis', 'nlp', 'statistics', 'python']"
11592605,['excel'],"['sql', 'machine learning', 'data analysis', 'nlp', 'statistics', 'python']"
25824789,[],"['machine learning', 'data analysis', 'nlp', 'sql', 'statistics', 'excel', 'python']"
15375009,[],"['machine learning', 'data analysis', 'nlp', 'sql', 'statistics', 'excel', 'python']"
11847784,['excel'],"['sql', 'machine learning', 'data analysis', 'nlp', 'statistics', 'python']"
32896934,[],"['machine learning', 'data analysis', 'nlp', 'sql', 'statistics', 'excel', 'python']"
29149998,[],"['machine learning', 'data analysis', 'nlp', 'sql', 'statistics', 'excel', 'python']"
11480899,[],"['machine learning', 'data analysis', 'nlp', 'sql', 'statistics', 'excel', 'python']"
23155093,['excel'],"['sql', 'machine learning', 'data analysis', 'nlp', 'statistics', 'python']"
11763983,['excel'],"['sql', 'machine learning', 'data analysis', 'nlp', 'statistics', 'python']"
27490876,[],"['machine learning', 'data analysis', 'nlp', 'sql', 'statistics', 'excel', 'python']"
32977530,['excel'],"['sql', 'machine learning', 'data analysis', 'nlp', 'statistics', 'python']"
93002334,['excel'],"['sql', 'machine learning', 'data analysis', 'nlp', 'statistics', 'python']"
24184357,"['excel', 'statistics']","['sql', 'machine learning', 'data analysis', 'nlp', 'python']"
73077810,[],"['machine learning', 'data analysis', 'nlp', 'sql', 'statistics', 'excel', 'python']"
13879043,['data analysis'],"['sql', 'machine learning', 'nlp', 'statistics', 'excel', 'python']"
30163002,['excel'],"['sql', 'machine learning', 'data analysis', 'nlp', 'statistics', 'python']"
18827609,['excel'],"['sql', 'machine learning', 'data analysis', 'nlp', 'statistics', 'python']"
25676643,['excel'],"['sql', 'machine learning', 'data analysis', 'nlp', 'statistics', 'python']"
12786012,['excel'],"['sql', 'machine learning', 'data analysis', 'nlp', 'statistics', 'python']"
87968870,[],"['machine learning', 'data analysis', 'nlp', 'sql', 'statistics', 'excel', 'python']"
46258701,['excel'],"['sql', 'machine learning', 'data analysis', 'nlp', 'statistics', 'python']"
14225422,['excel'],"['sql', 'machine learning', 'data analysis', 'nlp', 'statistics', 'python']"
29297973,['excel'],"['sql', 'machine learning', 'data analysis', 'nlp', 'statistics', 'python']"
18334783,['excel'],"['sql', 'machine learning', 'data analysis', 'nlp', 'statistics', 'python']"
19717385,['excel'],"['sql', 'machine learning', 'data analysis', 'nlp', 'statistics', 'python']"
49937469,['excel'],"['sql', 'machine learning', 'data analysis', 'nlp', 'statistics', 'python']"
18316239,['excel'],"['sql', 'machine learning', 'data analysis', 'nlp', 'statistics', 'python']"
17855844,['excel'],"['sql', 'machine learning', 'data analysis', 'nlp', 'statistics', 'python']"
57667857,['excel'],"['sql', 'machine learning', 'data analysis', 'nlp', 'statistics', 'python']"
17422560,['excel'],"['sql', 'machine learning', 'data analysis', 'nlp', 'statistics', 'python']"
32947778,['excel'],"['sql', 'machine learning', 'data analysis', 'nlp', 'statistics', 'python']"
23914451,[],"['machine learning', 'data analysis', 'nlp', 'sql', 'statistics', 'excel', 'python']"
21265194,[],"['machine learning', 'data analysis', 'nlp', 'sql', 'statistics', 'excel', 'python']"
51769822,['excel'],"['sql', 'machine learning', 'data analysis', 'nlp', 'statistics', 'python']"
19616406,[],"['machine learning', 'data analysis', 'nlp', 'sql', 'statistics', 'excel', 'python']"
41523474,['excel'],"['sql', 'machine learning', 'data analysis', 'nlp', 'statistics', 'python']"
59962788,['sql'],"['machine learning', 'data analysis', 'nlp', 'statistics', 'excel', 'python']"
86184722,['excel'],"['sql', 'machine learning', 'data analysis', 'nlp', 'statistics', 'python']"
28419173,['excel'],"['sql', 'machine learning', 'data analysis', 'nlp', 'statistics', 'python']"
18155310,['excel'],"['sql', 'machine learning', 'data analysis', 'nlp', 'statistics', 'python']"
26780935,[],"['machine learning', 'data analysis', 'nlp', 'sql', 'statistics', 'excel', 'python']"
34554248,['excel'],"['sql', 'machine learning', 'data analysis', 'nlp', 'statistics', 'python']"
26202430,"['data analysis', 'excel']","['sql', 'machine learning', 'nlp', 'statistics', 'python']"
19867922,['data analysis'],"['sql', 'machine learning', 'nlp', 'statistics', 'excel', 'python']"
91930382,[],"['machine learning', 'data analysis', 'nlp', 'sql', 'statistics', 'excel', 'python']"
30646367,['excel'],"['sql', 'machine learning', 'data analysis', 'nlp', 'statistics', 'python']"
39650734,['excel'],"['sql', 'machine learning', 'data analysis', 'nlp', 'statistics', 'python']"
72231872,['excel'],"['sql', 'machine learning', 'data analysis', 'nlp', 'statistics', 'python']"
13520837,['excel'],"['sql', 'machine learning', 'data analysis', 'nlp', 'statistics', 'python']"
18422164,[],"['machine learning', 'data analysis', 'nlp', 'sql', 'statistics', 'excel', 'python']"
30862904,[],"['machine learning', 'data analysis', 'nlp', 'sql', 'statistics', 'excel', 'python']"
52979663,[],"['machine learning', 'data analysis', 'nlp', 'sql', 'statistics', 'excel', 'python']"
28828844,['excel'],"['sql', 'machine learning', 'data analysis', 'nlp', 'statistics', 'python']"
21830565,[],"['machine learning', 'data analysis', 'nlp', 'sql', 'statistics', 'excel', 'python']"
27523575,['excel'],"['sql', 'machine learning', 'data analysis', 'nlp', 'statistics', 'python']"
39081840,['excel'],"['sql', 'machine learning', 'data analysis', 'nlp', 'statistics', 'python']"
20925036,['excel'],"['sql', 'machine learning', 'data analysis', 'nlp', 'statistics', 'python']"
15576950,[],"['machine learning', 'data analysis', 'nlp', 'sql', 'statistics', 'excel', 'python']"
29564653,['excel'],"['sql', 'machine learning', 'data analysis', 'nlp', 'statistics', 'python']"
14886205,"['excel', 'statistics']","['sql', 'machine learning', 'data analysis', 'nlp', 'python']"
17412079,"['data analysis', 'excel']","['sql', 'machine learning', 'nlp', 'statistics', 'python']"
16861758,['excel'],"['sql', 'machine learning', 'data analysis', 'nlp', 'statistics', 'python']"
93112113,[],"['machine learning', 'data analysis', 'nlp', 'sql', 'statistics', 'excel', 'python']"
15041689,[],"['machine learning', 'data analysis', 'nlp', 'sql', 'statistics', 'excel', 'python']"
80162314,[],"['machine learning', 'data analysis', 'nlp', 'sql', 'statistics', 'excel', 'python']"
20993320,[],"['machine learning', 'data analysis', 'nlp', 'sql', 'statistics', 'excel', 'python']"
14640322,['excel'],"['sql', 'machine learning', 'data analysis', 'nlp', 'statistics', 'python']"
26289308,['excel'],"['sql', 'machine learning', 'data analysis', 'nlp', 'statistics', 'python']"
23408537,['excel'],"['sql', 'machine learning', 'data analysis', 'nlp', 'statistics', 'python']"
28808263,['excel'],"['sql', 'machine learning', 'data analysis', 'nlp', 'statistics', 'python']"
18084150,['excel'],"['sql', 'machine learning', 'data analysis', 'nlp', 'statistics', 'python']"
26671167,['excel'],"['sql', 'machine learning', 'data analysis', 'nlp', 'statistics', 'python']"
44476983,['excel'],"['sql', 'machine learning', 'data analysis', 'nlp', 'statistics', 'python']"
16877897,"['sql', 'excel']","['machine learning', 'data analysis', 'nlp', 'statistics', 'python']"
29091445,['excel'],"['sql', 'machine learning', 'data analysis', 'nlp', 'statistics', 'python']"
25724495,['excel'],"['sql', 'machine learning', 'data analysis', 'nlp', 'statistics', 'python']"
24508725,['excel'],"['sql', 'machine learning', 'data analysis', 'nlp', 'statistics', 'python']"
11698189,['excel'],"['sql', 'machine learning', 'data analysis', 'nlp', 'statistics', 'python']"
27165830,['excel'],"['sql', 'machine learning', 'data analysis', 'nlp', 'statistics', 'python']"
47470864,['excel'],"['sql', 'machine learning', 'data analysis', 'nlp', 'statistics', 'python']"
34740556,['excel'],"['sql', 'machine learning', 'data analysis', 'nlp', 'statistics', 'python']"
18557164,['excel'],"['sql', 'machine learning', 'data analysis', 'nlp', 'statistics', 'python']"
19179079,"['excel', 'statistics']","['sql', 'machine learning', 'data analysis', 'nlp', 'python']"
13376919,['excel'],"['sql', 'machine learning', 'data analysis', 'nlp', 'statistics', 'python']"
26048718,"['excel', 'statistics']","['sql', 'machine learning', 'data analysis', 'nlp', 'python']"
17150707,['excel'],"['sql', 'machine learning', 'data analysis', 'nlp', 'statistics', 'python']"
18297650,"['sql', 'excel']","['machine learning', 'data analysis', 'nlp', 'statistics', 'python']"
23510685,"['data analysis', 'excel']","['sql', 'machine learning', 'nlp', 'statistics', 'python']"
39970711,[],"['machine learning', 'data analysis', 'nlp', 'sql', 'statistics', 'excel', 'python']"
20806155,['excel'],"['sql', 'machine learning', 'data analysis', 'nlp', 'statistics', 'python']"
28640735,[],"['machine learning', 'data analysis', 'nlp', 'sql', 'statistics', 'excel', 'python']"
15575117,['excel'],"['sql', 'machine learning', 'data analysis', 'nlp', 'statistics', 'python']"
27496514,"['data analysis', 'excel']","['sql', 'machine learning', 'nlp', 'statistics', 'python']"
14256329,['excel'],"['sql', 'machine learning', 'data analysis', 'nlp', 'statistics', 'python']"
19336728,['excel'],"['sql', 'machine learning', 'data analysis', 'nlp', 'statistics', 'python']"
10694288,['excel'],"['sql', 'machine learning', 'data analysis', 'nlp', 'statistics', 'python']"
28175164,['excel'],"['sql', 'machine learning', 'data analysis', 'nlp', 'statistics', 'python']"
10399912,['excel'],"['sql', 'machine learning', 'data analysis', 'nlp', 'statistics', 'python']"
20417897,['excel'],"['sql', 'machine learning', 'data analysis', 'nlp', 'statistics', 'python']"
18731098,['excel'],"['sql', 'machine learning', 'data analysis', 'nlp', 'statistics', 'python']"
30563572,['excel'],"['sql', 'machine learning', 'data analysis', 'nlp', 'statistics', 'python']"
24402267,['excel'],"['sql', 'machine learning', 'data analysis', 'nlp', 'statistics', 'python']"
32308556,[],"['machine learning', 'data analysis', 'nlp', 'sql', 'statistics', 'excel', 'python']"
27847081,"['data analysis', 'excel']","['sql', 'machine learning', 'nlp', 'statistics', 'python']"
25150191,['excel'],"['sql', 'machine learning', 'data analysis', 'nlp', 'statistics', 'python']"
37058472,[],"['machine learning', 'data analysis', 'nlp', 'sql', 'statistics', 'excel', 'python']"
68240723,[],"['machine learning', 'data analysis', 'nlp', 'sql', 'statistics', 'excel', 'python']"
76010167,['excel'],"['sql', 'machine learning', 'data analysis', 'nlp', 'statistics', 'python']"
19164410,['excel'],"['sql', 'machine learning', 'data analysis', 'nlp', 'statistics', 'python']"
29147100,[],"['machine learning', 'data analysis', 'nlp', 'sql', 'statistics', 'excel', 'python']"
25061645,[],"['machine learning', 'data analysis', 'nlp', 'sql', 'statistics', 'excel', 'python']"
11919526,"['sql', 'excel']","['machine learning', 'data analysis', 'nlp', 'statistics', 'python']"
81011612,"['data analysis', 'sql']","['machine learning', 'nlp', 'statistics', 'excel', 'python']"
11722421,[],"['machine learning', 'data analysis', 'nlp', 'sql', 'statistics', 'excel', 'python']"
13774329,[],"['machine learning', 'data analysis', 'nlp', 'sql', 'statistics', 'excel', 'python']"
35990852,['sql'],"['machine learning', 'data analysis', 'nlp', 'statistics', 'excel', 'python']"
36269672,['excel'],"['sql', 'machine learning', 'data analysis', 'nlp', 'statistics', 'python']"
90066849,[],"['machine learning', 'data analysis', 'nlp', 'sql', 'statistics', 'excel', 'python']"
27529455,['excel'],"['sql', 'machine learning', 'data analysis', 'nlp', 'statistics', 'python']"
85101052,['sql'],"['machine learning', 'data analysis', 'nlp', 'statistics', 'excel', 'python']"
22567495,['excel'],"['sql', 'machine learning', 'data analysis', 'nlp', 'statistics', 'python']"
10751444,"['python', 'data analysis', 'excel', 'statistics']","['machine learning', 'nlp', 'sql']"
11807040,['excel'],"['sql', 'machine learning', 'data analysis', 'nlp', 'statistics', 'python']"
12415691,"['python', 'sql']","['machine learning', 'data analysis', 'nlp', 'statistics', 'excel']"
38565119,[],"['machine learning', 'data analysis', 'nlp', 'sql', 'statistics', 'excel', 'python']"
21705160,[],"['machine learning', 'data analysis', 'nlp', 'sql', 'statistics', 'excel', 'python']"
26496059,['excel'],"['sql', 'machine learning', 'data analysis', 'nlp', 'statistics', 'python']"
29524570,"['data analysis', 'sql', 'excel']","['machine learning', 'statistics', 'nlp', 'python']"
15936656,[],"['machine learning', 'data analysis', 'nlp', 'sql', 'statistics', 'excel', 'python']"
13557622,['excel'],"['sql', 'machine learning', 'data analysis', 'nlp', 'statistics', 'python']"
41506705,['excel'],"['sql', 'machine learning', 'data analysis', 'nlp', 'statistics', 'python']"
32954522,[],"['machine learning', 'data analysis', 'nlp', 'sql', 'statistics', 'excel', 'python']"
44185767,[],"['machine learning', 'data analysis', 'nlp', 'sql', 'statistics', 'excel', 'python']"
14014749,['excel'],"['sql', 'machine learning', 'data analysis', 'nlp', 'statistics', 'python']"
34349255,[],"['machine learning', 'data analysis', 'nlp', 'sql', 'statistics', 'excel', 'python']"
16288901,['excel'],"['sql', 'machine learning', 'data analysis', 'nlp', 'statistics', 'python']"
25422388,[],"['machine learning', 'data analysis', 'nlp', 'sql', 'statistics', 'excel', 'python']"
22496394,['excel'],"['sql', 'machine learning', 'data analysis', 'nlp', 'statistics', 'python']"
38744475,[],"['machine learning', 'data analysis', 'nlp', 'sql', 'statistics', 'excel', 'python']"
67582956,['excel'],"['sql', 'machine learning', 'data analysis', 'nlp', 'statistics', 'python']"
26676567,['excel'],"['sql', 'machine learning', 'data analysis', 'nlp', 'statistics', 'python']"
14724186,[],"['machine learning', 'data analysis', 'nlp', 'sql', 'statistics', 'excel', 'python']"
10748989,['excel'],"['sql', 'machine learning', 'data analysis', 'nlp', 'statistics', 'python']"
26924514,['excel'],"['sql', 'machine learning', 'data analysis', 'nlp', 'statistics', 'python']"
12674307,['excel'],"['sql', 'machine learning', 'data analysis', 'nlp', 'statistics', 'python']"
23951429,['excel'],"['sql', 'machine learning', 'data analysis', 'nlp', 'statistics', 'python']"
26046064,['excel'],"['sql', 'machine learning', 'data analysis', 'nlp', 'statistics', 'python']"
28326441,['excel'],"['sql', 'machine learning', 'data analysis', 'nlp', 'statistics', 'python']"
78149576,[],"['machine learning', 'data analysis', 'nlp', 'sql', 'statistics', 'excel', 'python']"
17555081,"['data analysis', 'excel']","['sql', 'machine learning', 'nlp', 'statistics', 'python']"
39776400,[],"['machine learning', 'data analysis', 'nlp', 'sql', 'statistics', 'excel', 'python']"
37263609,[],"['machine learning', 'data analysis', 'nlp', 'sql', 'statistics', 'excel', 'python']"
13518263,[],"['machine learning', 'data analysis', 'nlp', 'sql', 'statistics', 'excel', 'python']"
11155153,['excel'],"['sql', 'machine learning', 'data analysis', 'nlp', 'statistics', 'python']"
54201930,[],"['machine learning', 'data analysis', 'nlp', 'sql', 'statistics', 'excel', 'python']"
10466583,['excel'],"['sql', 'machine learning', 'data analysis', 'nlp', 'statistics', 'python']"
26790545,[],"['machine learning', 'data analysis', 'nlp', 'sql', 'statistics', 'excel', 'python']"
11958994,['excel'],"['sql', 'machine learning', 'data analysis', 'nlp', 'statistics', 'python']"
30968749,"['sql', 'excel']","['machine learning', 'data analysis', 'nlp', 'statistics', 'python']"
20932019,[],"['machine learning', 'data analysis', 'nlp', 'sql', 'statistics', 'excel', 'python']"
51681660,['excel'],"['sql', 'machine learning', 'data analysis', 'nlp', 'statistics', 'python']"
34657584,[],"['machine learning', 'data analysis', 'nlp', 'sql', 'statistics', 'excel', 'python']"
15471999,['excel'],"['sql', 'machine learning', 'data analysis', 'nlp', 'statistics', 'python']"
18979238,['excel'],"['sql', 'machine learning', 'data analysis', 'nlp', 'statistics', 'python']"
26622051,[],"['machine learning', 'data analysis', 'nlp', 'sql', 'statistics', 'excel', 'python']"
22675694,['excel'],"['sql', 'machine learning', 'data analysis', 'nlp', 'statistics', 'python']"
25023614,['excel'],"['sql', 'machine learning', 'data analysis', 'nlp', 'statistics', 'python']"
20390397,['excel'],"['sql', 'machine learning', 'data analysis', 'nlp', 'statistics', 'python']"
17199951,['excel'],"['sql', 'machine learning', 'data analysis', 'nlp', 'statistics', 'python']"
14743911,[],"['machine learning', 'data analysis', 'nlp', 'sql', 'statistics', 'excel', 'python']"
24455357,['excel'],"['sql', 'machine learning', 'data analysis', 'nlp', 'statistics', 'python']"
91153752,[],"['machine learning', 'data analysis', 'nlp', 'sql', 'statistics', 'excel', 'python']"
14528265,[],"['machine learning', 'data analysis', 'nlp', 'sql', 'statistics', 'excel', 'python']"
18460045,['excel'],"['sql', 'machine learning', 'data analysis', 'nlp', 'statistics', 'python']"
20986595,['excel'],"['sql', 'machine learning', 'data analysis', 'nlp', 'statistics', 'python']"
20748926,[],"['machine learning', 'data analysis', 'nlp', 'sql', 'statistics', 'excel', 'python']"
32532982,['excel'],"['sql', 'machine learning', 'data analysis', 'nlp', 'statistics', 'python']"
34317538,"['data analysis', 'sql', 'excel']","['machine learning', 'statistics', 'nlp', 'python']"
19195747,[],"['machine learning', 'data analysis', 'nlp', 'sql', 'statistics', 'excel', 'python']"
12547982,['excel'],"['sql', 'machine learning', 'data analysis', 'nlp', 'statistics', 'python']"
94417768,['statistics'],"['sql', 'machine learning', 'data analysis', 'nlp', 'excel', 'python']"
24655918,['excel'],"['sql', 'machine learning', 'data analysis', 'nlp', 'statistics', 'python']"
27497542,['excel'],"['sql', 'machine learning', 'data analysis', 'nlp', 'statistics', 'python']"
62312955,[],"['machine learning', 'data analysis', 'nlp', 'sql', 'statistics', 'excel', 'python']"
22506245,['excel'],"['sql', 'machine learning', 'data analysis', 'nlp', 'statistics', 'python']"
28663949,[],"['machine learning', 'data analysis', 'nlp', 'sql', 'statistics', 'excel', 'python']"
39434376,[],"['machine learning', 'data analysis', 'nlp', 'sql', 'statistics', 'excel', 'python']"
13998435,[],"['machine learning', 'data analysis', 'nlp', 'sql', 'statistics', 'excel', 'python']"
30965258,['excel'],"['sql', 'machine learning', 'data analysis', 'nlp', 'statistics', 'python']"
18835363,[],"['machine learning', 'data analysis', 'nlp', 'sql', 'statistics', 'excel', 'python']"
26503829,['excel'],"['sql', 'machine learning', 'data analysis', 'nlp', 'statistics', 'python']"
18198627,['excel'],"['sql', 'machine learning', 'data analysis', 'nlp', 'statistics', 'python']"
39252859,[],"['machine learning', 'data analysis', 'nlp', 'sql', 'statistics', 'excel', 'python']"
34051710,[],"['machine learning', 'data analysis', 'nlp', 'sql', 'statistics', 'excel', 'python']"
37664296,[],"['machine learning', 'data analysis', 'nlp', 'sql', 'statistics', 'excel', 'python']"
21916744,['excel'],"['sql', 'machine learning', 'data analysis', 'nlp', 'statistics', 'python']"
15425154,['excel'],"['sql', 'machine learning', 'data analysis', 'nlp', 'statistics', 'python']"
24285142,['excel'],"['sql', 'machine learning', 'data analysis', 'nlp', 'statistics', 'python']"
24583187,[],"['machine learning', 'data analysis', 'nlp', 'sql', 'statistics', 'excel', 'python']"
29865476,['excel'],"['sql', 'machine learning', 'data analysis', 'nlp', 'statistics', 'python']"
25949631,[],"['machine learning', 'data analysis', 'nlp', 'sql', 'statistics', 'excel', 'python']"
21283733,['excel'],"['sql', 'machine learning', 'data analysis', 'nlp', 'statistics', 'python']"
51018476,['excel'],"['sql', 'machine learning', 'data analysis', 'nlp', 'statistics', 'python']"
13014900,['excel'],"['sql', 'machine learning', 'data analysis', 'nlp', 'statistics', 'python']"
44145704,['excel'],"['sql', 'machine learning', 'data analysis', 'nlp', 'statistics', 'python']"
18795567,['excel'],"['sql', 'machine learning', 'data analysis', 'nlp', 'statistics', 'python']"
42384185,[],"['machine learning', 'data analysis', 'nlp', 'sql', 'statistics', 'excel', 'python']"
26942552,[],"['machine learning', 'data analysis', 'nlp', 'sql', 'statistics', 'excel', 'python']"
67645662,['excel'],"['sql', 'machine learning', 'data analysis', 'nlp', 'statistics', 'python']"
34511655,[],"['machine learning', 'data analysis', 'nlp', 'sql', 'statistics', 'excel', 'python']"
37695494,[],"['machine learning', 'data analysis', 'nlp', 'sql', 'statistics', 'excel', 'python']"
93301686,['excel'],"['sql', 'machine learning', 'data analysis', 'nlp', 'statistics', 'python']"
36856210,['excel'],"['sql', 'machine learning', 'data analysis', 'nlp', 'statistics', 'python']"
21780877,[],"['machine learning', 'data analysis', 'nlp', 'sql', 'statistics', 'excel', 'python']"
33241454,['excel'],"['sql', 'machine learning', 'data analysis', 'nlp', 'statistics', 'python']"
25990239,"['data analysis', 'excel']","['sql', 'machine learning', 'nlp', 'statistics', 'python']"
16899268,['data analysis'],"['sql', 'machine learning', 'nlp', 'statistics', 'excel', 'python']"
91635250,['excel'],"['sql', 'machine learning', 'data analysis', 'nlp', 'statistics', 'python']"
19796840,['sql'],"['machine learning', 'data analysis', 'nlp', 'statistics', 'excel', 'python']"
15651486,['sql'],"['machine learning', 'data analysis', 'nlp', 'statistics', 'excel', 'python']"
52246737,['statistics'],"['sql', 'machine learning', 'data analysis', 'nlp', 'excel', 'python']"
12045067,[],"['machine learning', 'data analysis', 'nlp', 'sql', 'statistics', 'excel', 'python']"
13836471,['sql'],"['machine learning', 'data analysis', 'nlp', 'statistics', 'excel', 'python']"
14789139,['sql'],"['machine learning', 'data analysis', 'nlp', 'statistics', 'excel', 'python']"
36434348,['sql'],"['machine learning', 'data analysis', 'nlp', 'statistics', 'excel', 'python']"
27536013,"['data analysis', 'sql']","['machine learning', 'nlp', 'statistics', 'excel', 'python']"
18301617,"['sql', 'excel']","['machine learning', 'data analysis', 'nlp', 'statistics', 'python']"
24913648,['excel'],"['sql', 'machine learning', 'data analysis', 'nlp', 'statistics', 'python']"
26801767,"['data analysis', 'excel']","['sql', 'machine learning', 'nlp', 'statistics', 'python']"
27372171,"['excel', 'statistics']","['sql', 'machine learning', 'data analysis', 'nlp', 'python']"
91697974,['excel'],"['sql', 'machine learning', 'data analysis', 'nlp', 'statistics', 'python']"
28672970,[],"['machine learning', 'data analysis', 'nlp', 'sql', 'statistics', 'excel', 'python']"
66832845,[],"['machine learning', 'data analysis', 'nlp', 'sql', 'statistics', 'excel', 'python']"
25207620,['excel'],"['sql', 'machine learning', 'data analysis', 'nlp', 'statistics', 'python']"
41344156,"['data analysis', 'sql']","['machine learning', 'nlp', 'statistics', 'excel', 'python']"
68460556,['excel'],"['sql', 'machine learning', 'data analysis', 'nlp', 'statistics', 'python']"
10247517,"['sql', 'excel']","['machine learning', 'data analysis', 'nlp', 'statistics', 'python']"
25959103,['sql'],"['machine learning', 'data analysis', 'nlp', 'statistics', 'excel', 'python']"
13385306,['sql'],"['machine learning', 'data analysis', 'nlp', 'statistics', 'excel', 'python']"
38753827,[],"['machine learning', 'data analysis', 'nlp', 'sql', 'statistics', 'excel', 'python']"
17681064,[],"['machine learning', 'data analysis', 'nlp', 'sql', 'statistics', 'excel', 'python']"
25905275,['excel'],"['sql', 'machine learning', 'data analysis', 'nlp', 'statistics', 'python']"
11580408,"['sql', 'excel']","['machine learning', 'data analysis', 'nlp', 'statistics', 'python']"
19201175,['excel'],"['sql', 'machine learning', 'data analysis', 'nlp', 'statistics', 'python']"
12635195,"['python', 'data analysis']","['sql', 'machine learning', 'nlp', 'statistics', 'excel']"
32959732,['sql'],"['machine learning', 'data analysis', 'nlp', 'statistics', 'excel', 'python']"
17688766,['sql'],"['machine learning', 'data analysis', 'nlp', 'statistics', 'excel', 'python']"
20024870,"['sql', 'excel', 'statistics']","['machine learning', 'data analysis', 'nlp', 'python']"
22450718,['excel'],"['sql', 'machine learning', 'data analysis', 'nlp', 'statistics', 'python']"
46260230,['excel'],"['sql', 'machine learning', 'data analysis', 'nlp', 'statistics', 'python']"
10839851,[],"['machine learning', 'data analysis', 'nlp', 'sql', 'statistics', 'excel', 'python']"
18752129,[],"['machine learning', 'data analysis', 'nlp', 'sql', 'statistics', 'excel', 'python']"
37764298,"['sql', 'excel']","['machine learning', 'data analysis', 'nlp', 'statistics', 'python']"
90867631,"['sql', 'excel']","['machine learning', 'data analysis', 'nlp', 'statistics', 'python']"
17641670,['excel'],"['sql', 'machine learning', 'data analysis', 'nlp', 'statistics', 'python']"
24889109,['excel'],"['sql', 'machine learning', 'data analysis', 'nlp', 'statistics', 'python']"
24083609,['excel'],"['sql', 'machine learning', 'data analysis', 'nlp', 'statistics', 'python']"
24038620,[],"['machine learning', 'data analysis', 'nlp', 'sql', 'statistics', 'excel', 'python']"
29051656,"['sql', 'excel']","['machine learning', 'data analysis', 'nlp', 'statistics', 'python']"
20237244,[],"['machine learning', 'data analysis', 'nlp', 'sql', 'statistics', 'excel', 'python']"
20001721,"['sql', 'excel']","['machine learning', 'data analysis', 'nlp', 'statistics', 'python']"
92069209,[],"['machine learning', 'data analysis', 'nlp', 'sql', 'statistics', 'excel', 'python']"
13405733,"['python', 'sql', 'excel']","['machine learning', 'statistics', 'data analysis', 'nlp']"
28697203,[],"['machine learning', 'data analysis', 'nlp', 'sql', 'statistics', 'excel', 'python']"
28035460,"['data analysis', 'excel']","['sql', 'machine learning', 'nlp', 'statistics', 'python']"
21283365,[],"['machine learning', 'data analysis', 'nlp', 'sql', 'statistics', 'excel', 'python']"
17987433,[],"['machine learning', 'data analysis', 'nlp', 'sql', 'statistics', 'excel', 'python']"
10553553,"['sql', 'excel']","['machine learning', 'data analysis', 'nlp', 'statistics', 'python']"
15118506,['excel'],"['sql', 'machine learning', 'data analysis', 'nlp', 'statistics', 'python']"
18176523,['sql'],"['machine learning', 'data analysis', 'nlp', 'statistics', 'excel', 'python']"
24020470,['excel'],"['sql', 'machine learning', 'data analysis', 'nlp', 'statistics', 'python']"
70089206,"['sql', 'statistics']","['machine learning', 'data analysis', 'nlp', 'excel', 'python']"
27770859,['sql'],"['machine learning', 'data analysis', 'nlp', 'statistics', 'excel', 'python']"
57002858,"['sql', 'excel']","['machine learning', 'data analysis', 'nlp', 'statistics', 'python']"
13477922,[],"['machine learning', 'data analysis', 'nlp', 'sql', 'statistics', 'excel', 'python']"
28126340,['sql'],"['machine learning', 'data analysis', 'nlp', 'statistics', 'excel', 'python']"
37242217,['sql'],"['machine learning', 'data analysis', 'nlp', 'statistics', 'excel', 'python']"
10089434,['sql'],"['machine learning', 'data analysis', 'nlp', 'statistics', 'excel', 'python']"
11957080,"['data analysis', 'sql', 'excel']","['machine learning', 'statistics', 'nlp', 'python']"
35325329,['excel'],"['sql', 'machine learning', 'data analysis', 'nlp', 'statistics', 'python']"
10840430,['excel'],"['sql', 'machine learning', 'data analysis', 'nlp', 'statistics', 'python']"
64017585,[],"['machine learning', 'data analysis', 'nlp', 'sql', 'statistics', 'excel', 'python']"
19850482,[],"['machine learning', 'data analysis', 'nlp', 'sql', 'statistics', 'excel', 'python']"
52618188,['excel'],"['sql', 'machine learning', 'data analysis', 'nlp', 'statistics', 'python']"
28897981,"['sql', 'excel']","['machine learning', 'data analysis', 'nlp', 'statistics', 'python']"
51639418,['sql'],"['machine learning', 'data analysis', 'nlp', 'statistics', 'excel', 'python']"
20674668,"['python', 'sql', 'excel', 'statistics']","['machine learning', 'data analysis', 'nlp']"
23527321,['excel'],"['sql', 'machine learning', 'data analysis', 'nlp', 'statistics', 'python']"
18159866,['excel'],"['sql', 'machine learning', 'data analysis', 'nlp', 'statistics', 'python']"
22776912,"['sql', 'excel']","['machine learning', 'data analysis', 'nlp', 'statistics', 'python']"
23864648,['data analysis'],"['sql', 'machine learning', 'nlp', 'statistics', 'excel', 'python']"
18187364,"['sql', 'statistics']","['machine learning', 'data analysis', 'nlp', 'excel', 'python']"
83816738,"['sql', 'excel']","['machine learning', 'data analysis', 'nlp', 'statistics', 'python']"
20824105,['python'],"['sql', 'machine learning', 'data analysis', 'nlp', 'statistics', 'excel']"
33381211,['sql'],"['machine learning', 'data analysis', 'nlp', 'statistics', 'excel', 'python']"
16533554,[],"['machine learning', 'data analysis', 'nlp', 'sql', 'statistics', 'excel', 'python']"
20879311,"['sql', 'excel']","['machine learning', 'data analysis', 'nlp', 'statistics', 'python']"
31111279,"['sql', 'excel']","['machine learning', 'data analysis', 'nlp', 'statistics', 'python']"
17111768,"['sql', 'excel']","['machine learning', 'data analysis', 'nlp', 'statistics', 'python']"
11584809,[],"['machine learning', 'data analysis', 'nlp', 'sql', 'statistics', 'excel', 'python']"
20408458,['excel'],"['sql', 'machine learning', 'data analysis', 'nlp', 'statistics', 'python']"
91121135,"['excel', 'statistics']","['sql', 'machine learning', 'data analysis', 'nlp', 'python']"
24230851,['excel'],"['sql', 'machine learning', 'data analysis', 'nlp', 'statistics', 'python']"
40018190,[],"['machine learning', 'data analysis', 'nlp', 'sql', 'statistics', 'excel', 'python']"
16186411,"['sql', 'excel']","['machine learning', 'data analysis', 'nlp', 'statistics', 'python']"
29975124,"['sql', 'excel']","['machine learning', 'data analysis', 'nlp', 'statistics', 'python']"
26746496,"['sql', 'excel']","['machine learning', 'data analysis', 'nlp', 'statistics', 'python']"
89413122,['data analysis'],"['sql', 'machine learning', 'nlp', 'statistics', 'excel', 'python']"
12334140,"['excel', 'statistics']","['sql', 'machine learning', 'data analysis', 'nlp', 'python']"
10641230,[],"['machine learning', 'data analysis', 'nlp', 'sql', 'statistics', 'excel', 'python']"
10265057,"['python', 'sql', 'excel', 'statistics']","['machine learning', 'data analysis', 'nlp']"
30223363,"['data analysis', 'sql']","['machine learning', 'nlp', 'statistics', 'excel', 'python']"
15791766,['excel'],"['sql', 'machine learning', 'data analysis', 'nlp', 'statistics', 'python']"
29075857,"['data analysis', 'sql', 'excel']","['machine learning', 'statistics', 'nlp', 'python']"
12763627,['sql'],"['machine learning', 'data analysis', 'nlp', 'statistics', 'excel', 'python']"
39718499,[],"['machine learning', 'data analysis', 'nlp', 'sql', 'statistics', 'excel', 'python']"
27058381,['excel'],"['sql', 'machine learning', 'data analysis', 'nlp', 'statistics', 'python']"
25857360,['excel'],"['sql', 'machine learning', 'data analysis', 'nlp', 'statistics', 'python']"
26768723,[],"['machine learning', 'data analysis', 'nlp', 'sql', 'statistics', 'excel', 'python']"
31243710,"['sql', 'excel']","['machine learning', 'data analysis', 'nlp', 'statistics', 'python']"
15297298,['excel'],"['sql', 'machine learning', 'data analysis', 'nlp', 'statistics', 'python']"
27295996,"['data analysis', 'sql']","['machine learning', 'nlp', 'statistics', 'excel', 'python']"
39413067,"['sql', 'excel']","['machine learning', 'data analysis', 'nlp', 'statistics', 'python']"
48037995,"['data analysis', 'excel']","['sql', 'machine learning', 'nlp', 'statistics', 'python']"
15802627,[],"['machine learning', 'data analysis', 'nlp', 'sql', 'statistics', 'excel', 'python']"
51363762,['excel'],"['sql', 'machine learning', 'data analysis', 'nlp', 'statistics', 'python']"
18067556,"['python', 'data analysis', 'sql', 'excel']","['machine learning', 'statistics', 'nlp']"
27485716,[],"['machine learning', 'data analysis', 'nlp', 'sql', 'statistics', 'excel', 'python']"
26480367,"['python', 'excel']","['sql', 'machine learning', 'data analysis', 'nlp', 'statistics']"
81761658,['excel'],"['sql', 'machine learning', 'data analysis', 'nlp', 'statistics', 'python']"
79541391,"['sql', 'excel', 'statistics']","['machine learning', 'data analysis', 'nlp', 'python']"
23666211,[],"['machine learning', 'data analysis', 'nlp', 'sql', 'statistics', 'excel', 'python']"
12467531,['excel'],"['sql', 'machine learning', 'data analysis', 'nlp', 'statistics', 'python']"
19918523,['excel'],"['sql', 'machine learning', 'data analysis', 'nlp', 'statistics', 'python']"
62184086,['excel'],"['sql', 'machine learning', 'data analysis', 'nlp', 'statistics', 'python']"
28063132,['excel'],"['sql', 'machine learning', 'data analysis', 'nlp', 'statistics', 'python']"
29797594,[],"['machine learning', 'data analysis', 'nlp', 'sql', 'statistics', 'excel', 'python']"
22408666,[],"['machine learning', 'data analysis', 'nlp', 'sql', 'statistics', 'excel', 'python']"
13087952,['excel'],"['sql', 'machine learning', 'data analysis', 'nlp', 'statistics', 'python']"
15850434,['excel'],"['sql', 'machine learning', 'data analysis', 'nlp', 'statistics', 'python']"
28772892,"['data analysis', 'excel']","['sql', 'machine learning', 'nlp', 'statistics', 'python']"
33704389,['excel'],"['sql', 'machine learning', 'data analysis', 'nlp', 'statistics', 'python']"
16210888,[],"['machine learning', 'data analysis', 'nlp', 'sql', 'statistics', 'excel', 'python']"
38750659,['excel'],"['sql', 'machine learning', 'data analysis', 'nlp', 'statistics', 'python']"
90363254,[],"['machine learning', 'data analysis', 'nlp', 'sql', 'statistics', 'excel', 'python']"
66906212,[],"['machine learning', 'data analysis', 'nlp', 'sql', 'statistics', 'excel', 'python']"
34745915,[],"['machine learning', 'data analysis', 'nlp', 'sql', 'statistics', 'excel', 'python']"
34689720,[],"['machine learning', 'data analysis', 'nlp', 'sql', 'statistics', 'excel', 'python']"
48547319,[],"['machine learning', 'data analysis', 'nlp', 'sql', 'statistics', 'excel', 'python']"
19464810,['excel'],"['sql', 'machine learning', 'data analysis', 'nlp', 'statistics', 'python']"
28086303,[],"['machine learning', 'data analysis', 'nlp', 'sql', 'statistics', 'excel', 'python']"
13855004,['excel'],"['sql', 'machine learning', 'data analysis', 'nlp', 'statistics', 'python']"
35421497,['excel'],"['sql', 'machine learning', 'data analysis', 'nlp', 'statistics', 'python']"
69005326,[],"['machine learning', 'data analysis', 'nlp', 'sql', 'statistics', 'excel', 'python']"
18001081,[],"['machine learning', 'data analysis', 'nlp', 'sql', 'statistics', 'excel', 'python']"
14958913,[],"['machine learning', 'data analysis', 'nlp', 'sql', 'statistics', 'excel', 'python']"
13296856,['excel'],"['sql', 'machine learning', 'data analysis', 'nlp', 'statistics', 'python']"
63391085,['excel'],"['sql', 'machine learning', 'data analysis', 'nlp', 'statistics', 'python']"
23939133,[],"['machine learning', 'data analysis', 'nlp', 'sql', 'statistics', 'excel', 'python']"
96547039,[],"['machine learning', 'data analysis', 'nlp', 'sql', 'statistics', 'excel', 'python']"
22807104,['excel'],"['sql', 'machine learning', 'data analysis', 'nlp', 'statistics', 'python']"
23628651,['excel'],"['sql', 'machine learning', 'data analysis', 'nlp', 'statistics', 'python']"
29486525,['excel'],"['sql', 'machine learning', 'data analysis', 'nlp', 'statistics', 'python']"
22510753,['excel'],"['sql', 'machine learning', 'data analysis', 'nlp', 'statistics', 'python']"
21773106,['excel'],"['sql', 'machine learning', 'data analysis', 'nlp', 'statistics', 'python']"
34465087,[],"['machine learning', 'data analysis', 'nlp', 'sql', 'statistics', 'excel', 'python']"
24791126,['statistics'],"['sql', 'machine learning', 'data analysis', 'nlp', 'excel', 'python']"
15899269,[],"['machine learning', 'data analysis', 'nlp', 'sql', 'statistics', 'excel', 'python']"
37402097,['excel'],"['sql', 'machine learning', 'data analysis', 'nlp', 'statistics', 'python']"
36206485,['excel'],"['sql', 'machine learning', 'data analysis', 'nlp', 'statistics', 'python']"
36569713,['excel'],"['sql', 'machine learning', 'data analysis', 'nlp', 'statistics', 'python']"
28013287,['excel'],"['sql', 'machine learning', 'data analysis', 'nlp', 'statistics', 'python']"
29267293,[],"['machine learning', 'data analysis', 'nlp', 'sql', 'statistics', 'excel', 'python']"
45286020,"['data analysis', 'excel']","['sql', 'machine learning', 'nlp', 'statistics', 'python']"
13330982,['excel'],"['sql', 'machine learning', 'data analysis', 'nlp', 'statistics', 'python']"
22551979,"['excel', 'statistics']","['sql', 'machine learning', 'data analysis', 'nlp', 'python']"
29639533,['excel'],"['sql', 'machine learning', 'data analysis', 'nlp', 'statistics', 'python']"
49285644,['excel'],"['sql', 'machine learning', 'data analysis', 'nlp', 'statistics', 'python']"
16270906,['excel'],"['sql', 'machine learning', 'data analysis', 'nlp', 'statistics', 'python']"
27531694,['excel'],"['sql', 'machine learning', 'data analysis', 'nlp', 'statistics', 'python']"
74816727,['excel'],"['sql', 'machine learning', 'data analysis', 'nlp', 'statistics', 'python']"
23398843,['excel'],"['sql', 'machine learning', 'data analysis', 'nlp', 'statistics', 'python']"
31552617,[],"['machine learning', 'data analysis', 'nlp', 'sql', 'statistics', 'excel', 'python']"
19556300,['excel'],"['sql', 'machine learning', 'data analysis', 'nlp', 'statistics', 'python']"
66683238,['excel'],"['sql', 'machine learning', 'data analysis', 'nlp', 'statistics', 'python']"
17311685,['excel'],"['sql', 'machine learning', 'data analysis', 'nlp', 'statistics', 'python']"
17481570,['excel'],"['sql', 'machine learning', 'data analysis', 'nlp', 'statistics', 'python']"
22884757,['excel'],"['sql', 'machine learning', 'data analysis', 'nlp', 'statistics', 'python']"
58708773,[],"['machine learning', 'data analysis', 'nlp', 'sql', 'statistics', 'excel', 'python']"
10527994,['excel'],"['sql', 'machine learning', 'data analysis', 'nlp', 'statistics', 'python']"
69532425,[],"['machine learning', 'data analysis', 'nlp', 'sql', 'statistics', 'excel', 'python']"
20399718,['excel'],"['sql', 'machine learning', 'data analysis', 'nlp', 'statistics', 'python']"
19302310,[],"['machine learning', 'data analysis', 'nlp', 'sql', 'statistics', 'excel', 'python']"
51209395,['excel'],"['sql', 'machine learning', 'data analysis', 'nlp', 'statistics', 'python']"
22632070,[],"['machine learning', 'data analysis', 'nlp', 'sql', 'statistics', 'excel', 'python']"
22056333,[],"['machine learning', 'data analysis', 'nlp', 'sql', 'statistics', 'excel', 'python']"
11336022,['excel'],"['sql', 'machine learning', 'data analysis', 'nlp', 'statistics', 'python']"
11616482,['excel'],"['sql', 'machine learning', 'data analysis', 'nlp', 'statistics', 'python']"
34033933,['excel'],"['sql', 'machine learning', 'data analysis', 'nlp', 'statistics', 'python']"
21531811,[],"['machine learning', 'data analysis', 'nlp', 'sql', 'statistics', 'excel', 'python']"
20626794,['excel'],"['sql', 'machine learning', 'data analysis', 'nlp', 'statistics', 'python']"
58665241,['excel'],"['sql', 'machine learning', 'data analysis', 'nlp', 'statistics', 'python']"
37660306,['excel'],"['sql', 'machine learning', 'data analysis', 'nlp', 'statistics', 'python']"
13583538,[],"['machine learning', 'data analysis', 'nlp', 'sql', 'statistics', 'excel', 'python']"
20230207,[],"['machine learning', 'data analysis', 'nlp', 'sql', 'statistics', 'excel', 'python']"
28642819,['excel'],"['sql', 'machine learning', 'data analysis', 'nlp', 'statistics', 'python']"
16820422,[],"['machine learning', 'data analysis', 'nlp', 'sql', 'statistics', 'excel', 'python']"
29930479,['excel'],"['sql', 'machine learning', 'data analysis', 'nlp', 'statistics', 'python']"
25588694,[],"['machine learning', 'data analysis', 'nlp', 'sql', 'statistics', 'excel', 'python']"
86597425,['excel'],"['sql', 'machine learning', 'data analysis', 'nlp', 'statistics', 'python']"
10909720,[],"['machine learning', 'data analysis', 'nlp', 'sql', 'statistics', 'excel', 'python']"
28933005,[],"['machine learning', 'data analysis', 'nlp', 'sql', 'statistics', 'excel', 'python']"
53129155,['excel'],"['sql', 'machine learning', 'data analysis', 'nlp', 'statistics', 'python']"
11943065,[],"['machine learning', 'data analysis', 'nlp', 'sql', 'statistics', 'excel', 'python']"
45987048,['excel'],"['sql', 'machine learning', 'data analysis', 'nlp', 'statistics', 'python']"
99244405,['excel'],"['sql', 'machine learning', 'data analysis', 'nlp', 'statistics', 'python']"
32067700,[],"['machine learning', 'data analysis', 'nlp', 'sql', 'statistics', 'excel', 'python']"
27126818,['excel'],"['sql', 'machine learning', 'data analysis', 'nlp', 'statistics', 'python']"
19786924,['excel'],"['sql', 'machine learning', 'data analysis', 'nlp', 'statistics', 'python']"
70892619,[],"['machine learning', 'data analysis', 'nlp', 'sql', 'statistics', 'excel', 'python']"
25729119,['excel'],"['sql', 'machine learning', 'data analysis', 'nlp', 'statistics', 'python']"
58105060,['excel'],"['sql', 'machine learning', 'data analysis', 'nlp', 'statistics', 'python']"
12587973,['excel'],"['sql', 'machine learning', 'data analysis', 'nlp', 'statistics', 'python']"
21611212,[],"['machine learning', 'data analysis', 'nlp', 'sql', 'statistics', 'excel', 'python']"
21550454,['excel'],"['sql', 'machine learning', 'data analysis', 'nlp', 'statistics', 'python']"
86322251,[],"['machine learning', 'data analysis', 'nlp', 'sql', 'statistics', 'excel', 'python']"
22968380,['excel'],"['sql', 'machine learning', 'data analysis', 'nlp', 'statistics', 'python']"
10504237,['statistics'],"['sql', 'machine learning', 'data analysis', 'nlp', 'excel', 'python']"
24240349,['excel'],"['sql', 'machine learning', 'data analysis', 'nlp', 'statistics', 'python']"
20478831,[],"['machine learning', 'data analysis', 'nlp', 'sql', 'statistics', 'excel', 'python']"
79663360,['excel'],"['sql', 'machine learning', 'data analysis', 'nlp', 'statistics', 'python']"
76196367,[],"['machine learning', 'data analysis', 'nlp', 'sql', 'statistics', 'excel', 'python']"
27524018,[],"['machine learning', 'data analysis', 'nlp', 'sql', 'statistics', 'excel', 'python']"
27798860,['excel'],"['sql', 'machine learning', 'data analysis', 'nlp', 'statistics', 'python']"
14445309,[],"['machine learning', 'data analysis', 'nlp', 'sql', 'statistics', 'excel', 'python']"
35474904,['excel'],"['sql', 'machine learning', 'data analysis', 'nlp', 'statistics', 'python']"
37348041,[],"['machine learning', 'data analysis', 'nlp', 'sql', 'statistics', 'excel', 'python']"
89508407,[],"['machine learning', 'data analysis', 'nlp', 'sql', 'statistics', 'excel', 'python']"
25873425,['excel'],"['sql', 'machine learning', 'data analysis', 'nlp', 'statistics', 'python']"
31040875,[],"['machine learning', 'data analysis', 'nlp', 'sql', 'statistics', 'excel', 'python']"
11188218,['excel'],"['sql', 'machine learning', 'data analysis', 'nlp', 'statistics', 'python']"
73448369,['excel'],"['sql', 'machine learning', 'data analysis', 'nlp', 'statistics', 'python']"
42164460,['excel'],"['sql', 'machine learning', 'data analysis', 'nlp', 'statistics', 'python']"
18725071,['excel'],"['sql', 'machine learning', 'data analysis', 'nlp', 'statistics', 'python']"
28974459,['excel'],"['sql', 'machine learning', 'data analysis', 'nlp', 'statistics', 'python']"
38291889,['excel'],"['sql', 'machine learning', 'data analysis', 'nlp', 'statistics', 'python']"
12171093,['excel'],"['sql', 'machine learning', 'data analysis', 'nlp', 'statistics', 'python']"
13967854,['excel'],"['sql', 'machine learning', 'data analysis', 'nlp', 'statistics', 'python']"
90468982,['excel'],"['sql', 'machine learning', 'data analysis', 'nlp', 'statistics', 'python']"
49475708,[],"['machine learning', 'data analysis', 'nlp', 'sql', 'statistics', 'excel', 'python']"
54067174,['statistics'],"['sql', 'machine learning', 'data analysis', 'nlp', 'excel', 'python']"
49486820,['excel'],"['sql', 'machine learning', 'data analysis', 'nlp', 'statistics', 'python']"
38860712,['excel'],"['sql', 'machine learning', 'data analysis', 'nlp', 'statistics', 'python']"
16332348,['excel'],"['sql', 'machine learning', 'data analysis', 'nlp', 'statistics', 'python']"
34970271,['statistics'],"['sql', 'machine learning', 'data analysis', 'nlp', 'excel', 'python']"
14064815,['excel'],"['sql', 'machine learning', 'data analysis', 'nlp', 'statistics', 'python']"
12544735,[],"['machine learning', 'data analysis', 'nlp', 'sql', 'statistics', 'excel', 'python']"
20138606,['excel'],"['sql', 'machine learning', 'data analysis', 'nlp', 'statistics', 'python']"
36694627,"['excel', 'statistics']","['sql', 'machine learning', 'data analysis', 'nlp', 'python']"
29926588,"['excel', 'statistics']","['sql', 'machine learning', 'data analysis', 'nlp', 'python']"
28206098,[],"['machine learning', 'data analysis', 'nlp', 'sql', 'statistics', 'excel', 'python']"
20765795,['excel'],"['sql', 'machine learning', 'data analysis', 'nlp', 'statistics', 'python']"
20272792,[],"['machine learning', 'data analysis', 'nlp', 'sql', 'statistics', 'excel', 'python']"
20324037,"['excel', 'statistics']","['sql', 'machine learning', 'data analysis', 'nlp', 'python']"
53169257,[],"['machine learning', 'data analysis', 'nlp', 'sql', 'statistics', 'excel', 'python']"
24588864,['excel'],"['sql', 'machine learning', 'data analysis', 'nlp', 'statistics', 'python']"
11963737,"['data analysis', 'sql']","['machine learning', 'nlp', 'statistics', 'excel', 'python']"
13593241,[],"['machine learning', 'data analysis', 'nlp', 'sql', 'statistics', 'excel', 'python']"
22391901,['excel'],"['sql', 'machine learning', 'data analysis', 'nlp', 'statistics', 'python']"
10344379,['excel'],"['sql', 'machine learning', 'data analysis', 'nlp', 'statistics', 'python']"
74126637,['excel'],"['sql', 'machine learning', 'data analysis', 'nlp', 'statistics', 'python']"
26071861,"['python', 'excel']","['sql', 'machine learning', 'data analysis', 'nlp', 'statistics']"
24410405,['excel'],"['sql', 'machine learning', 'data analysis', 'nlp', 'statistics', 'python']"
14146106,['excel'],"['sql', 'machine learning', 'data analysis', 'nlp', 'statistics', 'python']"
74191424,[],"['machine learning', 'data analysis', 'nlp', 'sql', 'statistics', 'excel', 'python']"
10186968,['excel'],"['sql', 'machine learning', 'data analysis', 'nlp', 'statistics', 'python']"
20400279,['excel'],"['sql', 'machine learning', 'data analysis', 'nlp', 'statistics', 'python']"
23427369,['excel'],"['sql', 'machine learning', 'data analysis', 'nlp', 'statistics', 'python']"
95714702,['excel'],"['sql', 'machine learning', 'data analysis', 'nlp', 'statistics', 'python']"
18997135,['excel'],"['sql', 'machine learning', 'data analysis', 'nlp', 'statistics', 'python']"
11773767,['excel'],"['sql', 'machine learning', 'data analysis', 'nlp', 'statistics', 'python']"
78538268,['excel'],"['sql', 'machine learning', 'data analysis', 'nlp', 'statistics', 'python']"
13909762,['excel'],"['sql', 'machine learning', 'data analysis', 'nlp', 'statistics', 'python']"
20604208,['excel'],"['sql', 'machine learning', 'data analysis', 'nlp', 'statistics', 'python']"
72652441,['excel'],"['sql', 'machine learning', 'data analysis', 'nlp', 'statistics', 'python']"
24754689,[],"['machine learning', 'data analysis', 'nlp', 'sql', 'statistics', 'excel', 'python']"
75057933,['excel'],"['sql', 'machine learning', 'data analysis', 'nlp', 'statistics', 'python']"
19063156,"['sql', 'excel']","['machine learning', 'data analysis', 'nlp', 'statistics', 'python']"
91051945,[],"['machine learning', 'data analysis', 'nlp', 'sql', 'statistics', 'excel', 'python']"
14176254,[],"['machine learning', 'data analysis', 'nlp', 'sql', 'statistics', 'excel', 'python']"
22259475,"['excel', 'statistics']","['sql', 'machine learning', 'data analysis', 'nlp', 'python']"
37560528,['excel'],"['sql', 'machine learning', 'data analysis', 'nlp', 'statistics', 'python']"
23577836,['excel'],"['sql', 'machine learning', 'data analysis', 'nlp', 'statistics', 'python']"
36392131,['excel'],"['sql', 'machine learning', 'data analysis', 'nlp', 'statistics', 'python']"
32965335,['excel'],"['sql', 'machine learning', 'data analysis', 'nlp', 'statistics', 'python']"
21614256,['excel'],"['sql', 'machine learning', 'data analysis', 'nlp', 'statistics', 'python']"
97405769,['excel'],"['sql', 'machine learning', 'data analysis', 'nlp', 'statistics', 'python']"
95970987,['excel'],"['sql', 'machine learning', 'data analysis', 'nlp', 'statistics', 'python']"
17021141,['excel'],"['sql', 'machine learning', 'data analysis', 'nlp', 'statistics', 'python']"
15337481,['excel'],"['sql', 'machine learning', 'data analysis', 'nlp', 'statistics', 'python']"
75950464,['excel'],"['sql', 'machine learning', 'data analysis', 'nlp', 'statistics', 'python']"
19518606,[],"['machine learning', 'data analysis', 'nlp', 'sql', 'statistics', 'excel', 'python']"
15727656,['excel'],"['sql', 'machine learning', 'data analysis', 'nlp', 'statistics', 'python']"
31242382,['excel'],"['sql', 'machine learning', 'data analysis', 'nlp', 'statistics', 'python']"
29173771,['excel'],"['sql', 'machine learning', 'data analysis', 'nlp', 'statistics', 'python']"
19108760,[],"['machine learning', 'data analysis', 'nlp', 'sql', 'statistics', 'excel', 'python']"
14708590,[],"['machine learning', 'data analysis', 'nlp', 'sql', 'statistics', 'excel', 'python']"
77439230,['excel'],"['sql', 'machine learning', 'data analysis', 'nlp', 'statistics', 'python']"
40088790,[],"['machine learning', 'data analysis', 'nlp', 'sql', 'statistics', 'excel', 'python']"
22042181,['excel'],"['sql', 'machine learning', 'data analysis', 'nlp', 'statistics', 'python']"
29415426,[],"['machine learning', 'data analysis', 'nlp', 'sql', 'statistics', 'excel', 'python']"
37333719,[],"['machine learning', 'data analysis', 'nlp', 'sql', 'statistics', 'excel', 'python']"
15313140,[],"['machine learning', 'data analysis', 'nlp', 'sql', 'statistics', 'excel', 'python']"
13072354,['excel'],"['sql', 'machine learning', 'data analysis', 'nlp', 'statistics', 'python']"
20544228,[],"['machine learning', 'data analysis', 'nlp', 'sql', 'statistics', 'excel', 'python']"
30741799,['excel'],"['sql', 'machine learning', 'data analysis', 'nlp', 'statistics', 'python']"
17847636,['excel'],"['sql', 'machine learning', 'data analysis', 'nlp', 'statistics', 'python']"
80503242,"['sql', 'excel']","['machine learning', 'data analysis', 'nlp', 'statistics', 'python']"
26456474,['excel'],"['sql', 'machine learning', 'data analysis', 'nlp', 'statistics', 'python']"
10818478,['excel'],"['sql', 'machine learning', 'data analysis', 'nlp', 'statistics', 'python']"
24124250,['excel'],"['sql', 'machine learning', 'data analysis', 'nlp', 'statistics', 'python']"
37640804,['excel'],"['sql', 'machine learning', 'data analysis', 'nlp', 'statistics', 'python']"
27182111,['excel'],"['sql', 'machine learning', 'data analysis', 'nlp', 'statistics', 'python']"
11174187,['excel'],"['sql', 'machine learning', 'data analysis', 'nlp', 'statistics', 'python']"
47133747,['excel'],"['sql', 'machine learning', 'data analysis', 'nlp', 'statistics', 'python']"
10659182,['excel'],"['sql', 'machine learning', 'data analysis', 'nlp', 'statistics', 'python']"
35344611,['excel'],"['sql', 'machine learning', 'data analysis', 'nlp', 'statistics', 'python']"
13342150,['excel'],"['sql', 'machine learning', 'data analysis', 'nlp', 'statistics', 'python']"
28111403,[],"['machine learning', 'data analysis', 'nlp', 'sql', 'statistics', 'excel', 'python']"
34327438,[],"['machine learning', 'data analysis', 'nlp', 'sql', 'statistics', 'excel', 'python']"
15958967,"['data analysis', 'excel']","['sql', 'machine learning', 'nlp', 'statistics', 'python']"
13115648,['excel'],"['sql', 'machine learning', 'data analysis', 'nlp', 'statistics', 'python']"
46772262,[],"['machine learning', 'data analysis', 'nlp', 'sql', 'statistics', 'excel', 'python']"
38059130,['excel'],"['sql', 'machine learning', 'data analysis', 'nlp', 'statistics', 'python']"
24695561,['excel'],"['sql', 'machine learning', 'data analysis', 'nlp', 'statistics', 'python']"
93512385,[],"['machine learning', 'data analysis', 'nlp', 'sql', 'statistics', 'excel', 'python']"
38698573,['excel'],"['sql', 'machine learning', 'data analysis', 'nlp', 'statistics', 'python']"
18090899,['excel'],"['sql', 'machine learning', 'data analysis', 'nlp', 'statistics', 'python']"
23804341,[],"['machine learning', 'data analysis', 'nlp', 'sql', 'statistics', 'excel', 'python']"
29177904,['excel'],"['sql', 'machine learning', 'data analysis', 'nlp', 'statistics', 'python']"
17911230,['excel'],"['sql', 'machine learning', 'data analysis', 'nlp', 'statistics', 'python']"
19926135,['excel'],"['sql', 'machine learning', 'data analysis', 'nlp', 'statistics', 'python']"
44115326,"['sql', 'excel']","['machine learning', 'data analysis', 'nlp', 'statistics', 'python']"
75435017,[],"['machine learning', 'data analysis', 'nlp', 'sql', 'statistics', 'excel', 'python']"
19234823,['excel'],"['sql', 'machine learning', 'data analysis', 'nlp', 'statistics', 'python']"
13809698,['excel'],"['sql', 'machine learning', 'data analysis', 'nlp', 'statistics', 'python']"
17254634,['excel'],"['sql', 'machine learning', 'data analysis', 'nlp', 'statistics', 'python']"
28871170,[],"['machine learning', 'data analysis', 'nlp', 'sql', 'statistics', 'excel', 'python']"
24946537,['excel'],"['sql', 'machine learning', 'data analysis', 'nlp', 'statistics', 'python']"
28635795,['excel'],"['sql', 'machine learning', 'data analysis', 'nlp', 'statistics', 'python']"
24763208,[],"['machine learning', 'data analysis', 'nlp', 'sql', 'statistics', 'excel', 'python']"
17165107,['excel'],"['sql', 'machine learning', 'data analysis', 'nlp', 'statistics', 'python']"
65708020,['statistics'],"['sql', 'machine learning', 'data analysis', 'nlp', 'excel', 'python']"
36805025,[],"['machine learning', 'data analysis', 'nlp', 'sql', 'statistics', 'excel', 'python']"
13080868,[],"['machine learning', 'data analysis', 'nlp', 'sql', 'statistics', 'excel', 'python']"
20748929,"['data analysis', 'sql', 'excel']","['machine learning', 'statistics', 'nlp', 'python']"
26581830,['excel'],"['sql', 'machine learning', 'data analysis', 'nlp', 'statistics', 'python']"
38688388,[],"['machine learning', 'data analysis', 'nlp', 'sql', 'statistics', 'excel', 'python']"
25397102,"['python', 'sql', 'excel']","['machine learning', 'statistics', 'data analysis', 'nlp']"
12059198,['excel'],"['sql', 'machine learning', 'data analysis', 'nlp', 'statistics', 'python']"
10228751,['excel'],"['sql', 'machine learning', 'data analysis', 'nlp', 'statistics', 'python']"
61677751,[],"['machine learning', 'data analysis', 'nlp', 'sql', 'statistics', 'excel', 'python']"
20553895,['excel'],"['sql', 'machine learning', 'data analysis', 'nlp', 'statistics', 'python']"
18757174,['excel'],"['sql', 'machine learning', 'data analysis', 'nlp', 'statistics', 'python']"
14726000,"['excel', 'statistics']","['sql', 'machine learning', 'data analysis', 'nlp', 'python']"
29208172,['excel'],"['sql', 'machine learning', 'data analysis', 'nlp', 'statistics', 'python']"
40792022,[],"['machine learning', 'data analysis', 'nlp', 'sql', 'statistics', 'excel', 'python']"
17095812,['excel'],"['sql', 'machine learning', 'data analysis', 'nlp', 'statistics', 'python']"
27850777,['excel'],"['sql', 'machine learning', 'data analysis', 'nlp', 'statistics', 'python']"
90629382,['excel'],"['sql', 'machine learning', 'data analysis', 'nlp', 'statistics', 'python']"
34797369,['excel'],"['sql', 'machine learning', 'data analysis', 'nlp', 'statistics', 'python']"
98379112,"['data analysis', 'excel']","['sql', 'machine learning', 'nlp', 'statistics', 'python']"
37521676,['excel'],"['sql', 'machine learning', 'data analysis', 'nlp', 'statistics', 'python']"
10501991,['excel'],"['sql', 'machine learning', 'data analysis', 'nlp', 'statistics', 'python']"
18293620,['excel'],"['sql', 'machine learning', 'data analysis', 'nlp', 'statistics', 'python']"
19557384,['excel'],"['sql', 'machine learning', 'data analysis', 'nlp', 'statistics', 'python']"
15423153,['excel'],"['sql', 'machine learning', 'data analysis', 'nlp', 'statistics', 'python']"
20357858,"['excel', 'statistics']","['sql', 'machine learning', 'data analysis', 'nlp', 'python']"
12546838,"['python', 'excel']","['sql', 'machine learning', 'data analysis', 'nlp', 'statistics']"
24647386,[],"['machine learning', 'data analysis', 'nlp', 'sql', 'statistics', 'excel', 'python']"
23568641,[],"['machine learning', 'data analysis', 'nlp', 'sql', 'statistics', 'excel', 'python']"
22423839,['statistics'],"['sql', 'machine learning', 'data analysis', 'nlp', 'excel', 'python']"
19738730,[],"['machine learning', 'data analysis', 'nlp', 'sql', 'statistics', 'excel', 'python']"
32531824,[],"['machine learning', 'data analysis', 'nlp', 'sql', 'statistics', 'excel', 'python']"
34046031,['excel'],"['sql', 'machine learning', 'data analysis', 'nlp', 'statistics', 'python']"
14825300,[],"['machine learning', 'data analysis', 'nlp', 'sql', 'statistics', 'excel', 'python']"
37391947,['excel'],"['sql', 'machine learning', 'data analysis', 'nlp', 'statistics', 'python']"
26896699,[],"['machine learning', 'data analysis', 'nlp', 'sql', 'statistics', 'excel', 'python']"
11289482,[],"['machine learning', 'data analysis', 'nlp', 'sql', 'statistics', 'excel', 'python']"
29908929,['excel'],"['sql', 'machine learning', 'data analysis', 'nlp', 'statistics', 'python']"
10704573,[],"['machine learning', 'data analysis', 'nlp', 'sql', 'statistics', 'excel', 'python']"
14990354,[],"['machine learning', 'data analysis', 'nlp', 'sql', 'statistics', 'excel', 'python']"
24964303,['excel'],"['sql', 'machine learning', 'data analysis', 'nlp', 'statistics', 'python']"
82118447,['excel'],"['sql', 'machine learning', 'data analysis', 'nlp', 'statistics', 'python']"
18236085,[],"['machine learning', 'data analysis', 'nlp', 'sql', 'statistics', 'excel', 'python']"
29825044,[],"['machine learning', 'data analysis', 'nlp', 'sql', 'statistics', 'excel', 'python']"
77576845,['excel'],"['sql', 'machine learning', 'data analysis', 'nlp', 'statistics', 'python']"
39237915,[],"['machine learning', 'data analysis', 'nlp', 'sql', 'statistics', 'excel', 'python']"
28916894,['excel'],"['sql', 'machine learning', 'data analysis', 'nlp', 'statistics', 'python']"
26278597,"['data analysis', 'excel']","['sql', 'machine learning', 'nlp', 'statistics', 'python']"
80275976,['excel'],"['sql', 'machine learning', 'data analysis', 'nlp', 'statistics', 'python']"
11088337,['excel'],"['sql', 'machine learning', 'data analysis', 'nlp', 'statistics', 'python']"
23396633,[],"['machine learning', 'data analysis', 'nlp', 'sql', 'statistics', 'excel', 'python']"
12814706,['excel'],"['sql', 'machine learning', 'data analysis', 'nlp', 'statistics', 'python']"
39875803,[],"['machine learning', 'data analysis', 'nlp', 'sql', 'statistics', 'excel', 'python']"
30938994,['excel'],"['sql', 'machine learning', 'data analysis', 'nlp', 'statistics', 'python']"
16694152,"['excel', 'statistics']","['sql', 'machine learning', 'data analysis', 'nlp', 'python']"
15233524,['excel'],"['sql', 'machine learning', 'data analysis', 'nlp', 'statistics', 'python']"
81310245,['excel'],"['sql', 'machine learning', 'data analysis', 'nlp', 'statistics', 'python']"
22025574,['excel'],"['sql', 'machine learning', 'data analysis', 'nlp', 'statistics', 'python']"
13888506,['excel'],"['sql', 'machine learning', 'data analysis', 'nlp', 'statistics', 'python']"
79759716,['excel'],"['sql', 'machine learning', 'data analysis', 'nlp', 'statistics', 'python']"
10541358,['excel'],"['sql', 'machine learning', 'data analysis', 'nlp', 'statistics', 'python']"
31638814,['excel'],"['sql', 'machine learning', 'data analysis', 'nlp', 'statistics', 'python']"
25370801,[],"['machine learning', 'data analysis', 'nlp', 'sql', 'statistics', 'excel', 'python']"
27796199,['excel'],"['sql', 'machine learning', 'data analysis', 'nlp', 'statistics', 'python']"
10289113,['excel'],"['sql', 'machine learning', 'data analysis', 'nlp', 'statistics', 'python']"
27219200,['excel'],"['sql', 'machine learning', 'data analysis', 'nlp', 'statistics', 'python']"
10235211,['excel'],"['sql', 'machine learning', 'data analysis', 'nlp', 'statistics', 'python']"
14287992,['excel'],"['sql', 'machine learning', 'data analysis', 'nlp', 'statistics', 'python']"
47067533,[],"['machine learning', 'data analysis', 'nlp', 'sql', 'statistics', 'excel', 'python']"
14241621,['excel'],"['sql', 'machine learning', 'data analysis', 'nlp', 'statistics', 'python']"
27213082,[],"['machine learning', 'data analysis', 'nlp', 'sql', 'statistics', 'excel', 'python']"
31813535,[],"['machine learning', 'data analysis', 'nlp', 'sql', 'statistics', 'excel', 'python']"
17115815,['excel'],"['sql', 'machine learning', 'data analysis', 'nlp', 'statistics', 'python']"
20317319,['excel'],"['sql', 'machine learning', 'data analysis', 'nlp', 'statistics', 'python']"
38007664,['excel'],"['sql', 'machine learning', 'data analysis', 'nlp', 'statistics', 'python']"
24412546,['excel'],"['sql', 'machine learning', 'data analysis', 'nlp', 'statistics', 'python']"
29014805,['excel'],"['sql', 'machine learning', 'data analysis', 'nlp', 'statistics', 'python']"
12377803,[],"['machine learning', 'data analysis', 'nlp', 'sql', 'statistics', 'excel', 'python']"
32385553,['excel'],"['sql', 'machine learning', 'data analysis', 'nlp', 'statistics', 'python']"
13199813,['excel'],"['sql', 'machine learning', 'data analysis', 'nlp', 'statistics', 'python']"
11551946,[],"['machine learning', 'data analysis', 'nlp', 'sql', 'statistics', 'excel', 'python']"
22765255,[],"['machine learning', 'data analysis', 'nlp', 'sql', 'statistics', 'excel', 'python']"
20427934,['excel'],"['sql', 'machine learning', 'data analysis', 'nlp', 'statistics', 'python']"
35673335,[],"['machine learning', 'data analysis', 'nlp', 'sql', 'statistics', 'excel', 'python']"
16846478,['excel'],"['sql', 'machine learning', 'data analysis', 'nlp', 'statistics', 'python']"
89197180,['excel'],"['sql', 'machine learning', 'data analysis', 'nlp', 'statistics', 'python']"
36574147,[],"['machine learning', 'data analysis', 'nlp', 'sql', 'statistics', 'excel', 'python']"
27004930,[],"['machine learning', 'data analysis', 'nlp', 'sql', 'statistics', 'excel', 'python']"
12230301,"['excel', 'statistics']","['sql', 'machine learning', 'data analysis', 'nlp', 'python']"
59696315,[],"['machine learning', 'data analysis', 'nlp', 'sql', 'statistics', 'excel', 'python']"
20633855,[],"['machine learning', 'data analysis', 'nlp', 'sql', 'statistics', 'excel', 'python']"
18311419,[],"['machine learning', 'data analysis', 'nlp', 'sql', 'statistics', 'excel', 'python']"
16091352,[],"['machine learning', 'data analysis', 'nlp', 'sql', 'statistics', 'excel', 'python']"
27375577,[],"['machine learning', 'data analysis', 'nlp', 'sql', 'statistics', 'excel', 'python']"
25813953,['excel'],"['sql', 'machine learning', 'data analysis', 'nlp', 'statistics', 'python']"
76916835,['excel'],"['sql', 'machine learning', 'data analysis', 'nlp', 'statistics', 'python']"
17730889,['excel'],"['sql', 'machine learning', 'data analysis', 'nlp', 'statistics', 'python']"
67501448,['excel'],"['sql', 'machine learning', 'data analysis', 'nlp', 'statistics', 'python']"
17421910,['excel'],"['sql', 'machine learning', 'data analysis', 'nlp', 'statistics', 'python']"
12632728,[],"['machine learning', 'data analysis', 'nlp', 'sql', 'statistics', 'excel', 'python']"
91467795,[],"['machine learning', 'data analysis', 'nlp', 'sql', 'statistics', 'excel', 'python']"
13574264,['excel'],"['sql', 'machine learning', 'data analysis', 'nlp', 'statistics', 'python']"
27139412,['excel'],"['sql', 'machine learning', 'data analysis', 'nlp', 'statistics', 'python']"
14070138,['excel'],"['sql', 'machine learning', 'data analysis', 'nlp', 'statistics', 'python']"
15811992,['excel'],"['sql', 'machine learning', 'data analysis', 'nlp', 'statistics', 'python']"
14871762,"['python', 'sql', 'excel']","['machine learning', 'statistics', 'data analysis', 'nlp']"
17597372,[],"['machine learning', 'data analysis', 'nlp', 'sql', 'statistics', 'excel', 'python']"
18937778,[],"['machine learning', 'data analysis', 'nlp', 'sql', 'statistics', 'excel', 'python']"
14861855,[],"['machine learning', 'data analysis', 'nlp', 'sql', 'statistics', 'excel', 'python']"
36170003,[],"['machine learning', 'data analysis', 'nlp', 'sql', 'statistics', 'excel', 'python']"
27937592,['excel'],"['sql', 'machine learning', 'data analysis', 'nlp', 'statistics', 'python']"
16519708,[],"['machine learning', 'data analysis', 'nlp', 'sql', 'statistics', 'excel', 'python']"
17602815,[],"['machine learning', 'data analysis', 'nlp', 'sql', 'statistics', 'excel', 'python']"
28337049,[],"['machine learning', 'data analysis', 'nlp', 'sql', 'statistics', 'excel', 'python']"
33424600,[],"['machine learning', 'data analysis', 'nlp', 'sql', 'statistics', 'excel', 'python']"
32042584,"['sql', 'statistics']","['machine learning', 'data analysis', 'nlp', 'excel', 'python']"
14752209,['excel'],"['sql', 'machine learning', 'data analysis', 'nlp', 'statistics', 'python']"
31273310,['excel'],"['sql', 'machine learning', 'data analysis', 'nlp', 'statistics', 'python']"
14055971,['excel'],"['sql', 'machine learning', 'data analysis', 'nlp', 'statistics', 'python']"
95382114,['data analysis'],"['sql', 'machine learning', 'nlp', 'statistics', 'excel', 'python']"
23617240,[],"['machine learning', 'data analysis', 'nlp', 'sql', 'statistics', 'excel', 'python']"
23138078,['excel'],"['sql', 'machine learning', 'data analysis', 'nlp', 'statistics', 'python']"
51777546,['excel'],"['sql', 'machine learning', 'data analysis', 'nlp', 'statistics', 'python']"
69199666,[],"['machine learning', 'data analysis', 'nlp', 'sql', 'statistics', 'excel', 'python']"
93988900,['excel'],"['sql', 'machine learning', 'data analysis', 'nlp', 'statistics', 'python']"
41910253,"['data analysis', 'excel']","['sql', 'machine learning', 'nlp', 'statistics', 'python']"
28670024,[],"['machine learning', 'data analysis', 'nlp', 'sql', 'statistics', 'excel', 'python']"
36625776,[],"['machine learning', 'data analysis', 'nlp', 'sql', 'statistics', 'excel', 'python']"
96260484,['excel'],"['sql', 'machine learning', 'data analysis', 'nlp', 'statistics', 'python']"
11378657,['excel'],"['sql', 'machine learning', 'data analysis', 'nlp', 'statistics', 'python']"
34962725,['excel'],"['sql', 'machine learning', 'data analysis', 'nlp', 'statistics', 'python']"
18365443,['sql'],"['machine learning', 'data analysis', 'nlp', 'statistics', 'excel', 'python']"
26125407,['statistics'],"['sql', 'machine learning', 'data analysis', 'nlp', 'excel', 'python']"
54934269,['excel'],"['sql', 'machine learning', 'data analysis', 'nlp', 'statistics', 'python']"
37374340,['excel'],"['sql', 'machine learning', 'data analysis', 'nlp', 'statistics', 'python']"
25328428,['excel'],"['sql', 'machine learning', 'data analysis', 'nlp', 'statistics', 'python']"
56520872,[],"['machine learning', 'data analysis', 'nlp', 'sql', 'statistics', 'excel', 'python']"
23944036,[],"['machine learning', 'data analysis', 'nlp', 'sql', 'statistics', 'excel', 'python']"
19090468,[],"['machine learning', 'data analysis', 'nlp', 'sql', 'statistics', 'excel', 'python']"
16132195,['excel'],"['sql', 'machine learning', 'data analysis', 'nlp', 'statistics', 'python']"
27030979,"['excel', 'statistics']","['sql', 'machine learning', 'data analysis', 'nlp', 'python']"
17960690,[],"['machine learning', 'data analysis', 'nlp', 'sql', 'statistics', 'excel', 'python']"
17624934,['excel'],"['sql', 'machine learning', 'data analysis', 'nlp', 'statistics', 'python']"
22008817,"['data analysis', 'excel']","['sql', 'machine learning', 'nlp', 'statistics', 'python']"
20835760,['excel'],"['sql', 'machine learning', 'data analysis', 'nlp', 'statistics', 'python']"
87520378,"['excel', 'statistics']","['sql', 'machine learning', 'data analysis', 'nlp', 'python']"
58879993,"['excel', 'statistics']","['sql', 'machine learning', 'data analysis', 'nlp', 'python']"
64471954,"['excel', 'statistics']","['sql', 'machine learning', 'data analysis', 'nlp', 'python']"
18714571,['excel'],"['sql', 'machine learning', 'data analysis', 'nlp', 'statistics', 'python']"
20748468,"['excel', 'statistics']","['sql', 'machine learning', 'data analysis', 'nlp', 'python']"
98300955,"['sql', 'excel']","['machine learning', 'data analysis', 'nlp', 'statistics', 'python']"
11653906,[],"['machine learning', 'data analysis', 'nlp', 'sql', 'statistics', 'excel', 'python']"
10466208,['excel'],"['sql', 'machine learning', 'data analysis', 'nlp', 'statistics', 'python']"
13352113,[],"['machine learning', 'data analysis', 'nlp', 'sql', 'statistics', 'excel', 'python']"
20110597,[],"['machine learning', 'data analysis', 'nlp', 'sql', 'statistics', 'excel', 'python']"
20211577,['excel'],"['sql', 'machine learning', 'data analysis', 'nlp', 'statistics', 'python']"
12315079,[],"['machine learning', 'data analysis', 'nlp', 'sql', 'statistics', 'excel', 'python']"
10480456,['excel'],"['sql', 'machine learning', 'data analysis', 'nlp', 'statistics', 'python']"
75297735,['excel'],"['sql', 'machine learning', 'data analysis', 'nlp', 'statistics', 'python']"
49325370,['excel'],"['sql', 'machine learning', 'data analysis', 'nlp', 'statistics', 'python']"
21866029,"['data analysis', 'sql', 'excel']","['machine learning', 'statistics', 'nlp', 'python']"
14667957,[],"['machine learning', 'data analysis', 'nlp', 'sql', 'statistics', 'excel', 'python']"
10062724,['excel'],"['sql', 'machine learning', 'data analysis', 'nlp', 'statistics', 'python']"
43994605,['excel'],"['sql', 'machine learning', 'data analysis', 'nlp', 'statistics', 'python']"
23814777,['excel'],"['sql', 'machine learning', 'data analysis', 'nlp', 'statistics', 'python']"
28745844,['excel'],"['sql', 'machine learning', 'data analysis', 'nlp', 'statistics', 'python']"
17864043,['statistics'],"['sql', 'machine learning', 'data analysis', 'nlp', 'excel', 'python']"
16121387,"['data analysis', 'excel']","['sql', 'machine learning', 'nlp', 'statistics', 'python']"
10076271,['excel'],"['sql', 'machine learning', 'data analysis', 'nlp', 'statistics', 'python']"
80876647,"['excel', 'statistics']","['sql', 'machine learning', 'data analysis', 'nlp', 'python']"
36861863,[],"['machine learning', 'data analysis', 'nlp', 'sql', 'statistics', 'excel', 'python']"
24025053,[],"['machine learning', 'data analysis', 'nlp', 'sql', 'statistics', 'excel', 'python']"
17545780,[],"['machine learning', 'data analysis', 'nlp', 'sql', 'statistics', 'excel', 'python']"
95011061,['excel'],"['sql', 'machine learning', 'data analysis', 'nlp', 'statistics', 'python']"
13565152,[],"['machine learning', 'data analysis', 'nlp', 'sql', 'statistics', 'excel', 'python']"
75744306,['excel'],"['sql', 'machine learning', 'data analysis', 'nlp', 'statistics', 'python']"
26908066,[],"['machine learning', 'data analysis', 'nlp', 'sql', 'statistics', 'excel', 'python']"
11704150,[],"['machine learning', 'data analysis', 'nlp', 'sql', 'statistics', 'excel', 'python']"
27917969,[],"['machine learning', 'data analysis', 'nlp', 'sql', 'statistics', 'excel', 'python']"
12613221,[],"['machine learning', 'data analysis', 'nlp', 'sql', 'statistics', 'excel', 'python']"
15680735,[],"['machine learning', 'data analysis', 'nlp', 'sql', 'statistics', 'excel', 'python']"
13575312,['sql'],"['machine learning', 'data analysis', 'nlp', 'statistics', 'excel', 'python']"
15636923,[],"['machine learning', 'data analysis', 'nlp', 'sql', 'statistics', 'excel', 'python']"
14062078,"['excel', 'statistics']","['sql', 'machine learning', 'data analysis', 'nlp', 'python']"
37001381,['excel'],"['sql', 'machine learning', 'data analysis', 'nlp', 'statistics', 'python']"
32219038,['excel'],"['sql', 'machine learning', 'data analysis', 'nlp', 'statistics', 'python']"
10251432,['excel'],"['sql', 'machine learning', 'data analysis', 'nlp', 'statistics', 'python']"
28423028,[],"['machine learning', 'data analysis', 'nlp', 'sql', 'statistics', 'excel', 'python']"
46349752,[],"['machine learning', 'data analysis', 'nlp', 'sql', 'statistics', 'excel', 'python']"
26958533,['excel'],"['sql', 'machine learning', 'data analysis', 'nlp', 'statistics', 'python']"
23110214,['excel'],"['sql', 'machine learning', 'data analysis', 'nlp', 'statistics', 'python']"
17963031,[],"['machine learning', 'data analysis', 'nlp', 'sql', 'statistics', 'excel', 'python']"
60624892,['excel'],"['sql', 'machine learning', 'data analysis', 'nlp', 'statistics', 'python']"
23918545,"['data analysis', 'excel']","['sql', 'machine learning', 'nlp', 'statistics', 'python']"
20172393,"['data analysis', 'excel']","['sql', 'machine learning', 'nlp', 'statistics', 'python']"
39082090,"['data analysis', 'excel']","['sql', 'machine learning', 'nlp', 'statistics', 'python']"
98309114,"['data analysis', 'excel', 'statistics']","['machine learning', 'python', 'nlp', 'sql']"
16702198,['excel'],"['sql', 'machine learning', 'data analysis', 'nlp', 'statistics', 'python']"
45907524,['excel'],"['sql', 'machine learning', 'data analysis', 'nlp', 'statistics', 'python']"
12333703,[],"['machine learning', 'data analysis', 'nlp', 'sql', 'statistics', 'excel', 'python']"
15499825,['excel'],"['sql', 'machine learning', 'data analysis', 'nlp', 'statistics', 'python']"
85417107,[],"['machine learning', 'data analysis', 'nlp', 'sql', 'statistics', 'excel', 'python']"
33750209,[],"['machine learning', 'data analysis', 'nlp', 'sql', 'statistics', 'excel', 'python']"
24548333,['excel'],"['sql', 'machine learning', 'data analysis', 'nlp', 'statistics', 'python']"
16356151,['excel'],"['sql', 'machine learning', 'data analysis', 'nlp', 'statistics', 'python']"
20736486,['excel'],"['sql', 'machine learning', 'data analysis', 'nlp', 'statistics', 'python']"
18784594,[],"['machine learning', 'data analysis', 'nlp', 'sql', 'statistics', 'excel', 'python']"
85421438,[],"['machine learning', 'data analysis', 'nlp', 'sql', 'statistics', 'excel', 'python']"
33803142,['excel'],"['sql', 'machine learning', 'data analysis', 'nlp', 'statistics', 'python']"
47996197,[],"['machine learning', 'data analysis', 'nlp', 'sql', 'statistics', 'excel', 'python']"
11605833,[],"['machine learning', 'data analysis', 'nlp', 'sql', 'statistics', 'excel', 'python']"
25451319,['excel'],"['sql', 'machine learning', 'data analysis', 'nlp', 'statistics', 'python']"
91478356,[],"['machine learning', 'data analysis', 'nlp', 'sql', 'statistics', 'excel', 'python']"
29134372,[],"['machine learning', 'data analysis', 'nlp', 'sql', 'statistics', 'excel', 'python']"
35579812,[],"['machine learning', 'data analysis', 'nlp', 'sql', 'statistics', 'excel', 'python']"
12938200,['excel'],"['sql', 'machine learning', 'data analysis', 'nlp', 'statistics', 'python']"
31926950,['excel'],"['sql', 'machine learning', 'data analysis', 'nlp', 'statistics', 'python']"
32563518,"['sql', 'excel']","['machine learning', 'data analysis', 'nlp', 'statistics', 'python']"
29992154,['excel'],"['sql', 'machine learning', 'data analysis', 'nlp', 'statistics', 'python']"
25974844,['excel'],"['sql', 'machine learning', 'data analysis', 'nlp', 'statistics', 'python']"
18129173,[],"['machine learning', 'data analysis', 'nlp', 'sql', 'statistics', 'excel', 'python']"
26585242,"['data analysis', 'sql', 'excel']","['machine learning', 'statistics', 'nlp', 'python']"
26695839,['excel'],"['sql', 'machine learning', 'data analysis', 'nlp', 'statistics', 'python']"
10568183,['excel'],"['sql', 'machine learning', 'data analysis', 'nlp', 'statistics', 'python']"
24550866,['data analysis'],"['sql', 'machine learning', 'nlp', 'statistics', 'excel', 'python']"
34594746,['excel'],"['sql', 'machine learning', 'data analysis', 'nlp', 'statistics', 'python']"
25834360,['statistics'],"['sql', 'machine learning', 'data analysis', 'nlp', 'excel', 'python']"
27090089,['excel'],"['sql', 'machine learning', 'data analysis', 'nlp', 'statistics', 'python']"
35422305,[],"['machine learning', 'data analysis', 'nlp', 'sql', 'statistics', 'excel', 'python']"
18484846,['excel'],"['sql', 'machine learning', 'data analysis', 'nlp', 'statistics', 'python']"
18949843,['data analysis'],"['sql', 'machine learning', 'nlp', 'statistics', 'excel', 'python']"
17539842,[],"['machine learning', 'data analysis', 'nlp', 'sql', 'statistics', 'excel', 'python']"
36868767,['excel'],"['sql', 'machine learning', 'data analysis', 'nlp', 'statistics', 'python']"
97169343,['statistics'],"['sql', 'machine learning', 'data analysis', 'nlp', 'excel', 'python']"
31395710,['statistics'],"['sql', 'machine learning', 'data analysis', 'nlp', 'excel', 'python']"
17576030,[],"['machine learning', 'data analysis', 'nlp', 'sql', 'statistics', 'excel', 'python']"
24444525,"['excel', 'statistics']","['sql', 'machine learning', 'data analysis', 'nlp', 'python']"
10268614,['excel'],"['sql', 'machine learning', 'data analysis', 'nlp', 'statistics', 'python']"
29792535,['excel'],"['sql', 'machine learning', 'data analysis', 'nlp', 'statistics', 'python']"
15932017,['excel'],"['sql', 'machine learning', 'data analysis', 'nlp', 'statistics', 'python']"
23063986,"['excel', 'statistics']","['sql', 'machine learning', 'data analysis', 'nlp', 'python']"
10816645,[],"['machine learning', 'data analysis', 'nlp', 'sql', 'statistics', 'excel', 'python']"
11522068,[],"['machine learning', 'data analysis', 'nlp', 'sql', 'statistics', 'excel', 'python']"
10568350,"['excel', 'statistics']","['sql', 'machine learning', 'data analysis', 'nlp', 'python']"
18767449,['excel'],"['sql', 'machine learning', 'data analysis', 'nlp', 'statistics', 'python']"
20457611,[],"['machine learning', 'data analysis', 'nlp', 'sql', 'statistics', 'excel', 'python']"
54259150,['excel'],"['sql', 'machine learning', 'data analysis', 'nlp', 'statistics', 'python']"
67032711,['excel'],"['sql', 'machine learning', 'data analysis', 'nlp', 'statistics', 'python']"
12019284,[],"['machine learning', 'data analysis', 'nlp', 'sql', 'statistics', 'excel', 'python']"
38650096,['excel'],"['sql', 'machine learning', 'data analysis', 'nlp', 'statistics', 'python']"
32651555,[],"['machine learning', 'data analysis', 'nlp', 'sql', 'statistics', 'excel', 'python']"
55746506,[],"['machine learning', 'data analysis', 'nlp', 'sql', 'statistics', 'excel', 'python']"
10235429,['excel'],"['sql', 'machine learning', 'data analysis', 'nlp', 'statistics', 'python']"
30757456,['excel'],"['sql', 'machine learning', 'data analysis', 'nlp', 'statistics', 'python']"
19037403,['excel'],"['sql', 'machine learning', 'data analysis', 'nlp', 'statistics', 'python']"
32636041,['excel'],"['sql', 'machine learning', 'data analysis', 'nlp', 'statistics', 'python']"
27974588,[],"['machine learning', 'data analysis', 'nlp', 'sql', 'statistics', 'excel', 'python']"
24251588,[],"['machine learning', 'data analysis', 'nlp', 'sql', 'statistics', 'excel', 'python']"
97123005,['excel'],"['sql', 'machine learning', 'data analysis', 'nlp', 'statistics', 'python']"
38642923,['excel'],"['sql', 'machine learning', 'data analysis', 'nlp', 'statistics', 'python']"
39805617,[],"['machine learning', 'data analysis', 'nlp', 'sql', 'statistics', 'excel', 'python']"
20565486,['excel'],"['sql', 'machine learning', 'data analysis', 'nlp', 'statistics', 'python']"
28669770,['excel'],"['sql', 'machine learning', 'data analysis', 'nlp', 'statistics', 'python']"
17660419,[],"['machine learning', 'data analysis', 'nlp', 'sql', 'statistics', 'excel', 'python']"
22855060,['excel'],"['sql', 'machine learning', 'data analysis', 'nlp', 'statistics', 'python']"
17163375,[],"['machine learning', 'data analysis', 'nlp', 'sql', 'statistics', 'excel', 'python']"
35302620,['excel'],"['sql', 'machine learning', 'data analysis', 'nlp', 'statistics', 'python']"
19599699,['excel'],"['sql', 'machine learning', 'data analysis', 'nlp', 'statistics', 'python']"
17286050,[],"['machine learning', 'data analysis', 'nlp', 'sql', 'statistics', 'excel', 'python']"
15293959,"['excel', 'statistics']","['sql', 'machine learning', 'data analysis', 'nlp', 'python']"
10428916,[],"['machine learning', 'data analysis', 'nlp', 'sql', 'statistics', 'excel', 'python']"
52684666,['excel'],"['sql', 'machine learning', 'data analysis', 'nlp', 'statistics', 'python']"
19774173,[],"['machine learning', 'data analysis', 'nlp', 'sql', 'statistics', 'excel', 'python']"
23011221,[],"['machine learning', 'data analysis', 'nlp', 'sql', 'statistics', 'excel', 'python']"
13367322,['excel'],"['sql', 'machine learning', 'data analysis', 'nlp', 'statistics', 'python']"
16038911,['excel'],"['sql', 'machine learning', 'data analysis', 'nlp', 'statistics', 'python']"
30990885,['excel'],"['sql', 'machine learning', 'data analysis', 'nlp', 'statistics', 'python']"
12923795,[],"['machine learning', 'data analysis', 'nlp', 'sql', 'statistics', 'excel', 'python']"
20279756,['excel'],"['sql', 'machine learning', 'data analysis', 'nlp', 'statistics', 'python']"
25838512,[],"['machine learning', 'data analysis', 'nlp', 'sql', 'statistics', 'excel', 'python']"
17431847,['excel'],"['sql', 'machine learning', 'data analysis', 'nlp', 'statistics', 'python']"
28321954,['excel'],"['sql', 'machine learning', 'data analysis', 'nlp', 'statistics', 'python']"
11332602,"['data analysis', 'excel', 'statistics']","['machine learning', 'python', 'nlp', 'sql']"
17166018,[],"['machine learning', 'data analysis', 'nlp', 'sql', 'statistics', 'excel', 'python']"
29573698,['excel'],"['sql', 'machine learning', 'data analysis', 'nlp', 'statistics', 'python']"
95769832,[],"['machine learning', 'data analysis', 'nlp', 'sql', 'statistics', 'excel', 'python']"
89858892,['excel'],"['sql', 'machine learning', 'data analysis', 'nlp', 'statistics', 'python']"
22488036,"['python', 'sql', 'excel']","['machine learning', 'statistics', 'data analysis', 'nlp']"
22093368,['excel'],"['sql', 'machine learning', 'data analysis', 'nlp', 'statistics', 'python']"
31042953,['excel'],"['sql', 'machine learning', 'data analysis', 'nlp', 'statistics', 'python']"
24994145,[],"['machine learning', 'data analysis', 'nlp', 'sql', 'statistics', 'excel', 'python']"
56286525,[],"['machine learning', 'data analysis', 'nlp', 'sql', 'statistics', 'excel', 'python']"
32517106,['excel'],"['sql', 'machine learning', 'data analysis', 'nlp', 'statistics', 'python']"
38108845,"['excel', 'statistics']","['sql', 'machine learning', 'data analysis', 'nlp', 'python']"
28172023,['excel'],"['sql', 'machine learning', 'data analysis', 'nlp', 'statistics', 'python']"
45656814,[],"['machine learning', 'data analysis', 'nlp', 'sql', 'statistics', 'excel', 'python']"
24767027,[],"['machine learning', 'data analysis', 'nlp', 'sql', 'statistics', 'excel', 'python']"
25507648,['excel'],"['sql', 'machine learning', 'data analysis', 'nlp', 'statistics', 'python']"
17915015,[],"['machine learning', 'data analysis', 'nlp', 'sql', 'statistics', 'excel', 'python']"
36139251,['excel'],"['sql', 'machine learning', 'data analysis', 'nlp', 'statistics', 'python']"
16474898,['excel'],"['sql', 'machine learning', 'data analysis', 'nlp', 'statistics', 'python']"
25482567,[],"['machine learning', 'data analysis', 'nlp', 'sql', 'statistics', 'excel', 'python']"
29165698,['statistics'],"['sql', 'machine learning', 'data analysis', 'nlp', 'excel', 'python']"
27084878,['excel'],"['sql', 'machine learning', 'data analysis', 'nlp', 'statistics', 'python']"
26459032,"['excel', 'statistics']","['sql', 'machine learning', 'data analysis', 'nlp', 'python']"
70603826,['excel'],"['sql', 'machine learning', 'data analysis', 'nlp', 'statistics', 'python']"
95085510,['excel'],"['sql', 'machine learning', 'data analysis', 'nlp', 'statistics', 'python']"
21238396,['excel'],"['sql', 'machine learning', 'data analysis', 'nlp', 'statistics', 'python']"
20255404,['excel'],"['sql', 'machine learning', 'data analysis', 'nlp', 'statistics', 'python']"
69666645,[],"['machine learning', 'data analysis', 'nlp', 'sql', 'statistics', 'excel', 'python']"
19938081,['excel'],"['sql', 'machine learning', 'data analysis', 'nlp', 'statistics', 'python']"
12092347,[],"['machine learning', 'data analysis', 'nlp', 'sql', 'statistics', 'excel', 'python']"
62870550,['excel'],"['sql', 'machine learning', 'data analysis', 'nlp', 'statistics', 'python']"
76530505,[],"['machine learning', 'data analysis', 'nlp', 'sql', 'statistics', 'excel', 'python']"
10333051,[],"['machine learning', 'data analysis', 'nlp', 'sql', 'statistics', 'excel', 'python']"
29319314,[],"['machine learning', 'data analysis', 'nlp', 'sql', 'statistics', 'excel', 'python']"
77266989,['excel'],"['sql', 'machine learning', 'data analysis', 'nlp', 'statistics', 'python']"
59487170,['excel'],"['sql', 'machine learning', 'data analysis', 'nlp', 'statistics', 'python']"
24219583,['excel'],"['sql', 'machine learning', 'data analysis', 'nlp', 'statistics', 'python']"
27397245,['excel'],"['sql', 'machine learning', 'data analysis', 'nlp', 'statistics', 'python']"
29425788,[],"['machine learning', 'data analysis', 'nlp', 'sql', 'statistics', 'excel', 'python']"
11130200,[],"['machine learning', 'data analysis', 'nlp', 'sql', 'statistics', 'excel', 'python']"
10969918,['excel'],"['sql', 'machine learning', 'data analysis', 'nlp', 'statistics', 'python']"
21178545,[],"['machine learning', 'data analysis', 'nlp', 'sql', 'statistics', 'excel', 'python']"
12938389,['excel'],"['sql', 'machine learning', 'data analysis', 'nlp', 'statistics', 'python']"
57575888,['data analysis'],"['sql', 'machine learning', 'nlp', 'statistics', 'excel', 'python']"
37087824,['excel'],"['sql', 'machine learning', 'data analysis', 'nlp', 'statistics', 'python']"
21122155,[],"['machine learning', 'data analysis', 'nlp', 'sql', 'statistics', 'excel', 'python']"
24708621,[],"['machine learning', 'data analysis', 'nlp', 'sql', 'statistics', 'excel', 'python']"
27903191,['excel'],"['sql', 'machine learning', 'data analysis', 'nlp', 'statistics', 'python']"
24905947,[],"['machine learning', 'data analysis', 'nlp', 'sql', 'statistics', 'excel', 'python']"
75156649,['excel'],"['sql', 'machine learning', 'data analysis', 'nlp', 'statistics', 'python']"
96761538,[],"['machine learning', 'data analysis', 'nlp', 'sql', 'statistics', 'excel', 'python']"
19975121,['excel'],"['sql', 'machine learning', 'data analysis', 'nlp', 'statistics', 'python']"
12695799,['excel'],"['sql', 'machine learning', 'data analysis', 'nlp', 'statistics', 'python']"
14515954,['excel'],"['sql', 'machine learning', 'data analysis', 'nlp', 'statistics', 'python']"
13675377,[],"['machine learning', 'data analysis', 'nlp', 'sql', 'statistics', 'excel', 'python']"
34151183,[],"['machine learning', 'data analysis', 'nlp', 'sql', 'statistics', 'excel', 'python']"
16605352,['excel'],"['sql', 'machine learning', 'data analysis', 'nlp', 'statistics', 'python']"
34792238,"['excel', 'statistics']","['sql', 'machine learning', 'data analysis', 'nlp', 'python']"
23004695,[],"['machine learning', 'data analysis', 'nlp', 'sql', 'statistics', 'excel', 'python']"
35164503,['excel'],"['sql', 'machine learning', 'data analysis', 'nlp', 'statistics', 'python']"
63282405,['excel'],"['sql', 'machine learning', 'data analysis', 'nlp', 'statistics', 'python']"
31556198,['excel'],"['sql', 'machine learning', 'data analysis', 'nlp', 'statistics', 'python']"
12791244,['excel'],"['sql', 'machine learning', 'data analysis', 'nlp', 'statistics', 'python']"
14107571,['excel'],"['sql', 'machine learning', 'data analysis', 'nlp', 'statistics', 'python']"
17658471,['excel'],"['sql', 'machine learning', 'data analysis', 'nlp', 'statistics', 'python']"
80000092,[],"['machine learning', 'data analysis', 'nlp', 'sql', 'statistics', 'excel', 'python']"
13037145,['excel'],"['sql', 'machine learning', 'data analysis', 'nlp', 'statistics', 'python']"
23477199,['excel'],"['sql', 'machine learning', 'data analysis', 'nlp', 'statistics', 'python']"
29306433,['excel'],"['sql', 'machine learning', 'data analysis', 'nlp', 'statistics', 'python']"
90365216,['excel'],"['sql', 'machine learning', 'data analysis', 'nlp', 'statistics', 'python']"
54246169,['excel'],"['sql', 'machine learning', 'data analysis', 'nlp', 'statistics', 'python']"
28165687,['excel'],"['sql', 'machine learning', 'data analysis', 'nlp', 'statistics', 'python']"
21134923,['excel'],"['sql', 'machine learning', 'data analysis', 'nlp', 'statistics', 'python']"
37292350,['data analysis'],"['sql', 'machine learning', 'nlp', 'statistics', 'excel', 'python']"
84512719,['excel'],"['sql', 'machine learning', 'data analysis', 'nlp', 'statistics', 'python']"
21868149,['excel'],"['sql', 'machine learning', 'data analysis', 'nlp', 'statistics', 'python']"
37201447,['excel'],"['sql', 'machine learning', 'data analysis', 'nlp', 'statistics', 'python']"
29897742,['excel'],"['sql', 'machine learning', 'data analysis', 'nlp', 'statistics', 'python']"
55500538,"['data analysis', 'excel']","['sql', 'machine learning', 'nlp', 'statistics', 'python']"
15053703,['excel'],"['sql', 'machine learning', 'data analysis', 'nlp', 'statistics', 'python']"
15603319,"['data analysis', 'excel']","['sql', 'machine learning', 'nlp', 'statistics', 'python']"
69336473,[],"['machine learning', 'data analysis', 'nlp', 'sql', 'statistics', 'excel', 'python']"
18242317,"['data analysis', 'excel']","['sql', 'machine learning', 'nlp', 'statistics', 'python']"
30437583,"['excel', 'statistics']","['sql', 'machine learning', 'data analysis', 'nlp', 'python']"
14140903,[],"['machine learning', 'data analysis', 'nlp', 'sql', 'statistics', 'excel', 'python']"
17312146,['excel'],"['sql', 'machine learning', 'data analysis', 'nlp', 'statistics', 'python']"
29746235,['excel'],"['sql', 'machine learning', 'data analysis', 'nlp', 'statistics', 'python']"
62994611,"['python', 'sql', 'excel']","['machine learning', 'statistics', 'data analysis', 'nlp']"
38216888,['excel'],"['sql', 'machine learning', 'data analysis', 'nlp', 'statistics', 'python']"
19851252,['excel'],"['sql', 'machine learning', 'data analysis', 'nlp', 'statistics', 'python']"
11813872,"['python', 'sql']","['machine learning', 'data analysis', 'nlp', 'statistics', 'excel']"
16849128,['excel'],"['sql', 'machine learning', 'data analysis', 'nlp', 'statistics', 'python']"
23631188,['excel'],"['sql', 'machine learning', 'data analysis', 'nlp', 'statistics', 'python']"
24001783,['excel'],"['sql', 'machine learning', 'data analysis', 'nlp', 'statistics', 'python']"
12341902,[],"['machine learning', 'data analysis', 'nlp', 'sql', 'statistics', 'excel', 'python']"
11197262,"['data analysis', 'excel']","['sql', 'machine learning', 'nlp', 'statistics', 'python']"
10953078,['excel'],"['sql', 'machine learning', 'data analysis', 'nlp', 'statistics', 'python']"
69859102,[],"['machine learning', 'data analysis', 'nlp', 'sql', 'statistics', 'excel', 'python']"
40882926,[],"['machine learning', 'data analysis', 'nlp', 'sql', 'statistics', 'excel', 'python']"
16653657,[],"['machine learning', 'data analysis', 'nlp', 'sql', 'statistics', 'excel', 'python']"
24397882,['excel'],"['sql', 'machine learning', 'data analysis', 'nlp', 'statistics', 'python']"
16172429,['excel'],"['sql', 'machine learning', 'data analysis', 'nlp', 'statistics', 'python']"
36102323,['excel'],"['sql', 'machine learning', 'data analysis', 'nlp', 'statistics', 'python']"
81042872,['excel'],"['sql', 'machine learning', 'data analysis', 'nlp', 'statistics', 'python']"
19532392,"['sql', 'statistics']","['machine learning', 'data analysis', 'nlp', 'excel', 'python']"
34141299,"['excel', 'statistics']","['sql', 'machine learning', 'data analysis', 'nlp', 'python']"
89740812,['excel'],"['sql', 'machine learning', 'data analysis', 'nlp', 'statistics', 'python']"
20969119,['excel'],"['sql', 'machine learning', 'data analysis', 'nlp', 'statistics', 'python']"
27689009,['excel'],"['sql', 'machine learning', 'data analysis', 'nlp', 'statistics', 'python']"
29510501,['excel'],"['sql', 'machine learning', 'data analysis', 'nlp', 'statistics', 'python']"
17640785,['excel'],"['sql', 'machine learning', 'data analysis', 'nlp', 'statistics', 'python']"
29968330,['excel'],"['sql', 'machine learning', 'data analysis', 'nlp', 'statistics', 'python']"
28733974,['excel'],"['sql', 'machine learning', 'data analysis', 'nlp', 'statistics', 'python']"
15546686,[],"['machine learning', 'data analysis', 'nlp', 'sql', 'statistics', 'excel', 'python']"
56068028,"['data analysis', 'excel']","['sql', 'machine learning', 'nlp', 'statistics', 'python']"
24068423,['data analysis'],"['sql', 'machine learning', 'nlp', 'statistics', 'excel', 'python']"
12674256,[],"['machine learning', 'data analysis', 'nlp', 'sql', 'statistics', 'excel', 'python']"
27888251,[],"['machine learning', 'data analysis', 'nlp', 'sql', 'statistics', 'excel', 'python']"
16507693,['excel'],"['sql', 'machine learning', 'data analysis', 'nlp', 'statistics', 'python']"
55712978,[],"['machine learning', 'data analysis', 'nlp', 'sql', 'statistics', 'excel', 'python']"
26835781,[],"['machine learning', 'data analysis', 'nlp', 'sql', 'statistics', 'excel', 'python']"
26921245,"['excel', 'statistics']","['sql', 'machine learning', 'data analysis', 'nlp', 'python']"
20006992,['excel'],"['sql', 'machine learning', 'data analysis', 'nlp', 'statistics', 'python']"
11676151,"['excel', 'statistics']","['sql', 'machine learning', 'data analysis', 'nlp', 'python']"
24416961,['excel'],"['sql', 'machine learning', 'data analysis', 'nlp', 'statistics', 'python']"
69360287,['excel'],"['sql', 'machine learning', 'data analysis', 'nlp', 'statistics', 'python']"
18264694,['excel'],"['sql', 'machine learning', 'data analysis', 'nlp', 'statistics', 'python']"
16661264,['excel'],"['sql', 'machine learning', 'data analysis', 'nlp', 'statistics', 'python']"
26070334,"['excel', 'statistics']","['sql', 'machine learning', 'data analysis', 'nlp', 'python']"
29142288,"['excel', 'statistics']","['sql', 'machine learning', 'data analysis', 'nlp', 'python']"
28247753,[],"['machine learning', 'data analysis', 'nlp', 'sql', 'statistics', 'excel', 'python']"
79536879,['excel'],"['sql', 'machine learning', 'data analysis', 'nlp', 'statistics', 'python']"
17499196,['excel'],"['sql', 'machine learning', 'data analysis', 'nlp', 'statistics', 'python']"
79261033,[],"['machine learning', 'data analysis', 'nlp', 'sql', 'statistics', 'excel', 'python']"
16492045,['excel'],"['sql', 'machine learning', 'data analysis', 'nlp', 'statistics', 'python']"
18589927,['data analysis'],"['sql', 'machine learning', 'nlp', 'statistics', 'excel', 'python']"
23933031,['excel'],"['sql', 'machine learning', 'data analysis', 'nlp', 'statistics', 'python']"
13964744,"['sql', 'excel']","['machine learning', 'data analysis', 'nlp', 'statistics', 'python']"
89512321,[],"['machine learning', 'data analysis', 'nlp', 'sql', 'statistics', 'excel', 'python']"
30709029,[],"['machine learning', 'data analysis', 'nlp', 'sql', 'statistics', 'excel', 'python']"
11183737,['excel'],"['sql', 'machine learning', 'data analysis', 'nlp', 'statistics', 'python']"
63158213,[],"['machine learning', 'data analysis', 'nlp', 'sql', 'statistics', 'excel', 'python']"
24727739,['excel'],"['sql', 'machine learning', 'data analysis', 'nlp', 'statistics', 'python']"
15145575,['excel'],"['sql', 'machine learning', 'data analysis', 'nlp', 'statistics', 'python']"
69097572,['excel'],"['sql', 'machine learning', 'data analysis', 'nlp', 'statistics', 'python']"
31064969,[],"['machine learning', 'data analysis', 'nlp', 'sql', 'statistics', 'excel', 'python']"
38707449,['excel'],"['sql', 'machine learning', 'data analysis', 'nlp', 'statistics', 'python']"
57706851,"['sql', 'excel']","['machine learning', 'data analysis', 'nlp', 'statistics', 'python']"
41152404,"['sql', 'excel', 'statistics']","['machine learning', 'data analysis', 'nlp', 'python']"
27710853,"['excel', 'statistics']","['sql', 'machine learning', 'data analysis', 'nlp', 'python']"
15573418,[],"['machine learning', 'data analysis', 'nlp', 'sql', 'statistics', 'excel', 'python']"
26829350,['excel'],"['sql', 'machine learning', 'data analysis', 'nlp', 'statistics', 'python']"
95625660,['excel'],"['sql', 'machine learning', 'data analysis', 'nlp', 'statistics', 'python']"
19362586,['excel'],"['sql', 'machine learning', 'data analysis', 'nlp', 'statistics', 'python']"
45077654,"['data analysis', 'excel']","['sql', 'machine learning', 'nlp', 'statistics', 'python']"
87118391,['excel'],"['sql', 'machine learning', 'data analysis', 'nlp', 'statistics', 'python']"
33578873,['excel'],"['sql', 'machine learning', 'data analysis', 'nlp', 'statistics', 'python']"
27607632,['excel'],"['sql', 'machine learning', 'data analysis', 'nlp', 'statistics', 'python']"
23760084,['excel'],"['sql', 'machine learning', 'data analysis', 'nlp', 'statistics', 'python']"
30083943,[],"['machine learning', 'data analysis', 'nlp', 'sql', 'statistics', 'excel', 'python']"
20552814,['excel'],"['sql', 'machine learning', 'data analysis', 'nlp', 'statistics', 'python']"
40987524,['excel'],"['sql', 'machine learning', 'data analysis', 'nlp', 'statistics', 'python']"
29134721,['excel'],"['sql', 'machine learning', 'data analysis', 'nlp', 'statistics', 'python']"
18062906,['excel'],"['sql', 'machine learning', 'data analysis', 'nlp', 'statistics', 'python']"
29399491,"['excel', 'statistics']","['sql', 'machine learning', 'data analysis', 'nlp', 'python']"
19473948,['excel'],"['sql', 'machine learning', 'data analysis', 'nlp', 'statistics', 'python']"
71772815,['excel'],"['sql', 'machine learning', 'data analysis', 'nlp', 'statistics', 'python']"
15765660,"['sql', 'excel']","['machine learning', 'data analysis', 'nlp', 'statistics', 'python']"
29184740,[],"['machine learning', 'data analysis', 'nlp', 'sql', 'statistics', 'excel', 'python']"
17781039,['excel'],"['sql', 'machine learning', 'data analysis', 'nlp', 'statistics', 'python']"
19147947,['excel'],"['sql', 'machine learning', 'data analysis', 'nlp', 'statistics', 'python']"
18328743,['excel'],"['sql', 'machine learning', 'data analysis', 'nlp', 'statistics', 'python']"
37540732,['excel'],"['sql', 'machine learning', 'data analysis', 'nlp', 'statistics', 'python']"
30608780,['excel'],"['sql', 'machine learning', 'data analysis', 'nlp', 'statistics', 'python']"
15918496,['excel'],"['sql', 'machine learning', 'data analysis', 'nlp', 'statistics', 'python']"
16223371,['excel'],"['sql', 'machine learning', 'data analysis', 'nlp', 'statistics', 'python']"
79376680,[],"['machine learning', 'data analysis', 'nlp', 'sql', 'statistics', 'excel', 'python']"
36904300,['excel'],"['sql', 'machine learning', 'data analysis', 'nlp', 'statistics', 'python']"
10724818,['excel'],"['sql', 'machine learning', 'data analysis', 'nlp', 'statistics', 'python']"
26994282,['excel'],"['sql', 'machine learning', 'data analysis', 'nlp', 'statistics', 'python']"
20819838,[],"['machine learning', 'data analysis', 'nlp', 'sql', 'statistics', 'excel', 'python']"
16511249,[],"['machine learning', 'data analysis', 'nlp', 'sql', 'statistics', 'excel', 'python']"
36074301,['excel'],"['sql', 'machine learning', 'data analysis', 'nlp', 'statistics', 'python']"
27624540,[],"['machine learning', 'data analysis', 'nlp', 'sql', 'statistics', 'excel', 'python']"
20423658,['excel'],"['sql', 'machine learning', 'data analysis', 'nlp', 'statistics', 'python']"
98509238,['excel'],"['sql', 'machine learning', 'data analysis', 'nlp', 'statistics', 'python']"
25810233,['excel'],"['sql', 'machine learning', 'data analysis', 'nlp', 'statistics', 'python']"
15273850,[],"['machine learning', 'data analysis', 'nlp', 'sql', 'statistics', 'excel', 'python']"
26932091,"['data analysis', 'excel']","['sql', 'machine learning', 'nlp', 'statistics', 'python']"
13812481,['excel'],"['sql', 'machine learning', 'data analysis', 'nlp', 'statistics', 'python']"
55477468,['excel'],"['sql', 'machine learning', 'data analysis', 'nlp', 'statistics', 'python']"
15973307,['excel'],"['sql', 'machine learning', 'data analysis', 'nlp', 'statistics', 'python']"
22047665,[],"['machine learning', 'data analysis', 'nlp', 'sql', 'statistics', 'excel', 'python']"
69155584,['excel'],"['sql', 'machine learning', 'data analysis', 'nlp', 'statistics', 'python']"
30529547,[],"['machine learning', 'data analysis', 'nlp', 'sql', 'statistics', 'excel', 'python']"
23296286,['excel'],"['sql', 'machine learning', 'data analysis', 'nlp', 'statistics', 'python']"
10603337,[],"['machine learning', 'data analysis', 'nlp', 'sql', 'statistics', 'excel', 'python']"
22319662,['excel'],"['sql', 'machine learning', 'data analysis', 'nlp', 'statistics', 'python']"
15581242,[],"['machine learning', 'data analysis', 'nlp', 'sql', 'statistics', 'excel', 'python']"
90682785,[],"['machine learning', 'data analysis', 'nlp', 'sql', 'statistics', 'excel', 'python']"
98108571,[],"['machine learning', 'data analysis', 'nlp', 'sql', 'statistics', 'excel', 'python']"
12351749,"['machine learning', 'data analysis', 'excel', 'statistics']","['python', 'nlp', 'sql']"
39581020,['excel'],"['sql', 'machine learning', 'data analysis', 'nlp', 'statistics', 'python']"
14267489,['excel'],"['sql', 'machine learning', 'data analysis', 'nlp', 'statistics', 'python']"
25839123,['excel'],"['sql', 'machine learning', 'data analysis', 'nlp', 'statistics', 'python']"
31454430,['excel'],"['sql', 'machine learning', 'data analysis', 'nlp', 'statistics', 'python']"
18368613,[],"['machine learning', 'data analysis', 'nlp', 'sql', 'statistics', 'excel', 'python']"
51349448,['excel'],"['sql', 'machine learning', 'data analysis', 'nlp', 'statistics', 'python']"
17509935,[],"['machine learning', 'data analysis', 'nlp', 'sql', 'statistics', 'excel', 'python']"
21595057,['excel'],"['sql', 'machine learning', 'data analysis', 'nlp', 'statistics', 'python']"
12696104,[],"['machine learning', 'data analysis', 'nlp', 'sql', 'statistics', 'excel', 'python']"
34303500,['excel'],"['sql', 'machine learning', 'data analysis', 'nlp', 'statistics', 'python']"
10898339,[],"['machine learning', 'data analysis', 'nlp', 'sql', 'statistics', 'excel', 'python']"
25315791,['excel'],"['sql', 'machine learning', 'data analysis', 'nlp', 'statistics', 'python']"
36621169,['excel'],"['sql', 'machine learning', 'data analysis', 'nlp', 'statistics', 'python']"
17378327,[],"['machine learning', 'data analysis', 'nlp', 'sql', 'statistics', 'excel', 'python']"
33236701,['excel'],"['sql', 'machine learning', 'data analysis', 'nlp', 'statistics', 'python']"
29211919,['excel'],"['sql', 'machine learning', 'data analysis', 'nlp', 'statistics', 'python']"
16121015,[],"['machine learning', 'data analysis', 'nlp', 'sql', 'statistics', 'excel', 'python']"
19582792,['excel'],"['sql', 'machine learning', 'data analysis', 'nlp', 'statistics', 'python']"
13348915,['excel'],"['sql', 'machine learning', 'data analysis', 'nlp', 'statistics', 'python']"
59422148,['excel'],"['sql', 'machine learning', 'data analysis', 'nlp', 'statistics', 'python']"
10138632,[],"['machine learning', 'data analysis', 'nlp', 'sql', 'statistics', 'excel', 'python']"
29805310,['excel'],"['sql', 'machine learning', 'data analysis', 'nlp', 'statistics', 'python']"
26425074,['excel'],"['sql', 'machine learning', 'data analysis', 'nlp', 'statistics', 'python']"
10464113,[],"['machine learning', 'data analysis', 'nlp', 'sql', 'statistics', 'excel', 'python']"
54101961,[],"['machine learning', 'data analysis', 'nlp', 'sql', 'statistics', 'excel', 'python']"
92200491,['excel'],"['sql', 'machine learning', 'data analysis', 'nlp', 'statistics', 'python']"
26530696,"['sql', 'excel']","['machine learning', 'data analysis', 'nlp', 'statistics', 'python']"
29332616,['excel'],"['sql', 'machine learning', 'data analysis', 'nlp', 'statistics', 'python']"
42304307,['excel'],"['sql', 'machine learning', 'data analysis', 'nlp', 'statistics', 'python']"
12820557,['excel'],"['sql', 'machine learning', 'data analysis', 'nlp', 'statistics', 'python']"
13178604,['excel'],"['sql', 'machine learning', 'data analysis', 'nlp', 'statistics', 'python']"
23929500,['excel'],"['sql', 'machine learning', 'data analysis', 'nlp', 'statistics', 'python']"
37360517,['excel'],"['sql', 'machine learning', 'data analysis', 'nlp', 'statistics', 'python']"
28377361,['excel'],"['sql', 'machine learning', 'data analysis', 'nlp', 'statistics', 'python']"
18171955,['excel'],"['sql', 'machine learning', 'data analysis', 'nlp', 'statistics', 'python']"
12082377,['excel'],"['sql', 'machine learning', 'data analysis', 'nlp', 'statistics', 'python']"
28198029,['excel'],"['sql', 'machine learning', 'data analysis', 'nlp', 'statistics', 'python']"
28867567,['excel'],"['sql', 'machine learning', 'data analysis', 'nlp', 'statistics', 'python']"
19147494,[],"['machine learning', 'data analysis', 'nlp', 'sql', 'statistics', 'excel', 'python']"
14358578,['excel'],"['sql', 'machine learning', 'data analysis', 'nlp', 'statistics', 'python']"
37735467,['excel'],"['sql', 'machine learning', 'data analysis', 'nlp', 'statistics', 'python']"
65456466,['excel'],"['sql', 'machine learning', 'data analysis', 'nlp', 'statistics', 'python']"
32140087,['excel'],"['sql', 'machine learning', 'data analysis', 'nlp', 'statistics', 'python']"
17704246,['excel'],"['sql', 'machine learning', 'data analysis', 'nlp', 'statistics', 'python']"
58428843,[],"['machine learning', 'data analysis', 'nlp', 'sql', 'statistics', 'excel', 'python']"
70528646,[],"['machine learning', 'data analysis', 'nlp', 'sql', 'statistics', 'excel', 'python']"
23032182,[],"['machine learning', 'data analysis', 'nlp', 'sql', 'statistics', 'excel', 'python']"
36970996,['excel'],"['sql', 'machine learning', 'data analysis', 'nlp', 'statistics', 'python']"
13637605,['excel'],"['sql', 'machine learning', 'data analysis', 'nlp', 'statistics', 'python']"
55097118,['excel'],"['sql', 'machine learning', 'data analysis', 'nlp', 'statistics', 'python']"
24610685,"['sql', 'excel']","['machine learning', 'data analysis', 'nlp', 'statistics', 'python']"
38087844,['excel'],"['sql', 'machine learning', 'data analysis', 'nlp', 'statistics', 'python']"
28139742,['data analysis'],"['sql', 'machine learning', 'nlp', 'statistics', 'excel', 'python']"
17410700,['excel'],"['sql', 'machine learning', 'data analysis', 'nlp', 'statistics', 'python']"
20141807,[],"['machine learning', 'data analysis', 'nlp', 'sql', 'statistics', 'excel', 'python']"
16280971,['excel'],"['sql', 'machine learning', 'data analysis', 'nlp', 'statistics', 'python']"
34131484,['excel'],"['sql', 'machine learning', 'data analysis', 'nlp', 'statistics', 'python']"
18885231,['excel'],"['sql', 'machine learning', 'data analysis', 'nlp', 'statistics', 'python']"
15620421,['excel'],"['sql', 'machine learning', 'data analysis', 'nlp', 'statistics', 'python']"
31199035,[],"['machine learning', 'data analysis', 'nlp', 'sql', 'statistics', 'excel', 'python']"
85918100,['excel'],"['sql', 'machine learning', 'data analysis', 'nlp', 'statistics', 'python']"
14381464,['excel'],"['sql', 'machine learning', 'data analysis', 'nlp', 'statistics', 'python']"
23782450,['excel'],"['sql', 'machine learning', 'data analysis', 'nlp', 'statistics', 'python']"
37792474,['excel'],"['sql', 'machine learning', 'data analysis', 'nlp', 'statistics', 'python']"
29928796,['excel'],"['sql', 'machine learning', 'data analysis', 'nlp', 'statistics', 'python']"
55104715,['sql'],"['machine learning', 'data analysis', 'nlp', 'statistics', 'excel', 'python']"
27233183,['excel'],"['sql', 'machine learning', 'data analysis', 'nlp', 'statistics', 'python']"
29815762,[],"['machine learning', 'data analysis', 'nlp', 'sql', 'statistics', 'excel', 'python']"
19156751,['excel'],"['sql', 'machine learning', 'data analysis', 'nlp', 'statistics', 'python']"
27096471,[],"['machine learning', 'data analysis', 'nlp', 'sql', 'statistics', 'excel', 'python']"
43311839,"['sql', 'excel']","['machine learning', 'data analysis', 'nlp', 'statistics', 'python']"
15119529,[],"['machine learning', 'data analysis', 'nlp', 'sql', 'statistics', 'excel', 'python']"
88907739,"['data analysis', 'sql', 'excel']","['machine learning', 'statistics', 'nlp', 'python']"
31395742,[],"['machine learning', 'data analysis', 'nlp', 'sql', 'statistics', 'excel', 'python']"
93349646,"['sql', 'excel']","['machine learning', 'data analysis', 'nlp', 'statistics', 'python']"
25694422,[],"['machine learning', 'data analysis', 'nlp', 'sql', 'statistics', 'excel', 'python']"
26291616,['sql'],"['machine learning', 'data analysis', 'nlp', 'statistics', 'excel', 'python']"
11020140,['excel'],"['sql', 'machine learning', 'data analysis', 'nlp', 'statistics', 'python']"
93459677,['excel'],"['sql', 'machine learning', 'data analysis', 'nlp', 'statistics', 'python']"
18079050,['excel'],"['sql', 'machine learning', 'data analysis', 'nlp', 'statistics', 'python']"
25213006,['excel'],"['sql', 'machine learning', 'data analysis', 'nlp', 'statistics', 'python']"
14517953,['excel'],"['sql', 'machine learning', 'data analysis', 'nlp', 'statistics', 'python']"
39308779,['excel'],"['sql', 'machine learning', 'data analysis', 'nlp', 'statistics', 'python']"
51724595,"['sql', 'excel']","['machine learning', 'data analysis', 'nlp', 'statistics', 'python']"
22259768,"['data analysis', 'excel']","['sql', 'machine learning', 'nlp', 'statistics', 'python']"
10332998,[],"['machine learning', 'data analysis', 'nlp', 'sql', 'statistics', 'excel', 'python']"
24643412,['sql'],"['machine learning', 'data analysis', 'nlp', 'statistics', 'excel', 'python']"
69181350,['excel'],"['sql', 'machine learning', 'data analysis', 'nlp', 'statistics', 'python']"
18856440,['excel'],"['sql', 'machine learning', 'data analysis', 'nlp', 'statistics', 'python']"
15433732,[],"['machine learning', 'data analysis', 'nlp', 'sql', 'statistics', 'excel', 'python']"
15281412,"['sql', 'excel']","['machine learning', 'data analysis', 'nlp', 'statistics', 'python']"
15699744,['excel'],"['sql', 'machine learning', 'data analysis', 'nlp', 'statistics', 'python']"
28951817,"['data analysis', 'sql', 'excel', 'statistics']","['machine learning', 'nlp', 'python']"
38165833,['excel'],"['sql', 'machine learning', 'data analysis', 'nlp', 'statistics', 'python']"
13586069,"['machine learning', 'sql', 'excel']","['statistics', 'data analysis', 'nlp', 'python']"
30083884,[],"['machine learning', 'data analysis', 'nlp', 'sql', 'statistics', 'excel', 'python']"
51432451,['sql'],"['machine learning', 'data analysis', 'nlp', 'statistics', 'excel', 'python']"
31169070,['sql'],"['machine learning', 'data analysis', 'nlp', 'statistics', 'excel', 'python']"
29723311,['excel'],"['sql', 'machine learning', 'data analysis', 'nlp', 'statistics', 'python']"
22485475,['excel'],"['sql', 'machine learning', 'data analysis', 'nlp', 'statistics', 'python']"
22556198,['excel'],"['sql', 'machine learning', 'data analysis', 'nlp', 'statistics', 'python']"
30863060,"['sql', 'excel']","['machine learning', 'data analysis', 'nlp', 'statistics', 'python']"
78016758,['excel'],"['sql', 'machine learning', 'data analysis', 'nlp', 'statistics', 'python']"
12897903,['excel'],"['sql', 'machine learning', 'data analysis', 'nlp', 'statistics', 'python']"
34875813,"['excel', 'statistics']","['sql', 'machine learning', 'data analysis', 'nlp', 'python']"
11333660,[],"['machine learning', 'data analysis', 'nlp', 'sql', 'statistics', 'excel', 'python']"
21366189,"['sql', 'excel']","['machine learning', 'data analysis', 'nlp', 'statistics', 'python']"
32637306,['excel'],"['sql', 'machine learning', 'data analysis', 'nlp', 'statistics', 'python']"
71888547,[],"['machine learning', 'data analysis', 'nlp', 'sql', 'statistics', 'excel', 'python']"
29770086,[],"['machine learning', 'data analysis', 'nlp', 'sql', 'statistics', 'excel', 'python']"
99714410,"['data analysis', 'excel']","['sql', 'machine learning', 'nlp', 'statistics', 'python']"
39441617,"['python', 'sql']","['machine learning', 'data analysis', 'nlp', 'statistics', 'excel']"
12374933,"['sql', 'excel', 'statistics']","['machine learning', 'data analysis', 'nlp', 'python']"
20176584,['excel'],"['sql', 'machine learning', 'data analysis', 'nlp', 'statistics', 'python']"
32433431,['excel'],"['sql', 'machine learning', 'data analysis', 'nlp', 'statistics', 'python']"
88691367,['excel'],"['sql', 'machine learning', 'data analysis', 'nlp', 'statistics', 'python']"
17025292,['excel'],"['sql', 'machine learning', 'data analysis', 'nlp', 'statistics', 'python']"
23302948,['excel'],"['sql', 'machine learning', 'data analysis', 'nlp', 'statistics', 'python']"
24828381,['excel'],"['sql', 'machine learning', 'data analysis', 'nlp', 'statistics', 'python']"
38896303,[],"['machine learning', 'data analysis', 'nlp', 'sql', 'statistics', 'excel', 'python']"
31217840,"['data analysis', 'sql']","['machine learning', 'nlp', 'statistics', 'excel', 'python']"
38399177,[],"['machine learning', 'data analysis', 'nlp', 'sql', 'statistics', 'excel', 'python']"
19161572,['excel'],"['sql', 'machine learning', 'data analysis', 'nlp', 'statistics', 'python']"
29647215,['sql'],"['machine learning', 'data analysis', 'nlp', 'statistics', 'excel', 'python']"
73075521,[],"['machine learning', 'data analysis', 'nlp', 'sql', 'statistics', 'excel', 'python']"
17983957,[],"['machine learning', 'data analysis', 'nlp', 'sql', 'statistics', 'excel', 'python']"
20314980,['sql'],"['machine learning', 'data analysis', 'nlp', 'statistics', 'excel', 'python']"
21512769,['excel'],"['sql', 'machine learning', 'data analysis', 'nlp', 'statistics', 'python']"
21568833,['statistics'],"['sql', 'machine learning', 'data analysis', 'nlp', 'excel', 'python']"
27726066,['excel'],"['sql', 'machine learning', 'data analysis', 'nlp', 'statistics', 'python']"
91189201,"['sql', 'excel']","['machine learning', 'data analysis', 'nlp', 'statistics', 'python']"
95429627,"['python', 'sql', 'excel']","['machine learning', 'statistics', 'data analysis', 'nlp']"
12526702,"['data analysis', 'excel', 'statistics']","['machine learning', 'python', 'nlp', 'sql']"
92246939,['excel'],"['sql', 'machine learning', 'data analysis', 'nlp', 'statistics', 'python']"
48533663,[],"['machine learning', 'data analysis', 'nlp', 'sql', 'statistics', 'excel', 'python']"
38457612,[],"['machine learning', 'data analysis', 'nlp', 'sql', 'statistics', 'excel', 'python']"
27788376,['excel'],"['sql', 'machine learning', 'data analysis', 'nlp', 'statistics', 'python']"
31016926,[],"['machine learning', 'data analysis', 'nlp', 'sql', 'statistics', 'excel', 'python']"
43378989,"['sql', 'excel']","['machine learning', 'data analysis', 'nlp', 'statistics', 'python']"
13454871,['sql'],"['machine learning', 'data analysis', 'nlp', 'statistics', 'excel', 'python']"
19936735,[],"['machine learning', 'data analysis', 'nlp', 'sql', 'statistics', 'excel', 'python']"
33919379,[],"['machine learning', 'data analysis', 'nlp', 'sql', 'statistics', 'excel', 'python']"
95350373,[],"['machine learning', 'data analysis', 'nlp', 'sql', 'statistics', 'excel', 'python']"
15602094,"['sql', 'excel']","['machine learning', 'data analysis', 'nlp', 'statistics', 'python']"
95792386,"['data analysis', 'sql', 'excel']","['machine learning', 'statistics', 'nlp', 'python']"
28243590,['excel'],"['sql', 'machine learning', 'data analysis', 'nlp', 'statistics', 'python']"
14593060,"['sql', 'excel']","['machine learning', 'data analysis', 'nlp', 'statistics', 'python']"
13313917,['excel'],"['sql', 'machine learning', 'data analysis', 'nlp', 'statistics', 'python']"
12251115,['excel'],"['sql', 'machine learning', 'data analysis', 'nlp', 'statistics', 'python']"
20574232,"['sql', 'excel']","['machine learning', 'data analysis', 'nlp', 'statistics', 'python']"
12955994,[],"['machine learning', 'data analysis', 'nlp', 'sql', 'statistics', 'excel', 'python']"
16964217,['excel'],"['sql', 'machine learning', 'data analysis', 'nlp', 'statistics', 'python']"
13215696,['excel'],"['sql', 'machine learning', 'data analysis', 'nlp', 'statistics', 'python']"
29196643,"['sql', 'excel']","['machine learning', 'data analysis', 'nlp', 'statistics', 'python']"
22351830,['sql'],"['machine learning', 'data analysis', 'nlp', 'statistics', 'excel', 'python']"
11415967,[],"['machine learning', 'data analysis', 'nlp', 'sql', 'statistics', 'excel', 'python']"
29297393,['excel'],"['sql', 'machine learning', 'data analysis', 'nlp', 'statistics', 'python']"
18227306,[],"['machine learning', 'data analysis', 'nlp', 'sql', 'statistics', 'excel', 'python']"
31201660,[],"['machine learning', 'data analysis', 'nlp', 'sql', 'statistics', 'excel', 'python']"
25258040,[],"['machine learning', 'data analysis', 'nlp', 'sql', 'statistics', 'excel', 'python']"
56792999,[],"['machine learning', 'data analysis', 'nlp', 'sql', 'statistics', 'excel', 'python']"
22571461,['excel'],"['sql', 'machine learning', 'data analysis', 'nlp', 'statistics', 'python']"
80527194,['excel'],"['sql', 'machine learning', 'data analysis', 'nlp', 'statistics', 'python']"
37818861,['excel'],"['sql', 'machine learning', 'data analysis', 'nlp', 'statistics', 'python']"
91116867,['excel'],"['sql', 'machine learning', 'data analysis', 'nlp', 'statistics', 'python']"
14346702,['excel'],"['sql', 'machine learning', 'data analysis', 'nlp', 'statistics', 'python']"
15083600,"['python', 'sql', 'excel']","['machine learning', 'statistics', 'data analysis', 'nlp']"
63670997,['excel'],"['sql', 'machine learning', 'data analysis', 'nlp', 'statistics', 'python']"
17307206,[],"['machine learning', 'data analysis', 'nlp', 'sql', 'statistics', 'excel', 'python']"
67406885,[],"['machine learning', 'data analysis', 'nlp', 'sql', 'statistics', 'excel', 'python']"
57364820,['excel'],"['sql', 'machine learning', 'data analysis', 'nlp', 'statistics', 'python']"
79570655,[],"['machine learning', 'data analysis', 'nlp', 'sql', 'statistics', 'excel', 'python']"
13569152,['excel'],"['sql', 'machine learning', 'data analysis', 'nlp', 'statistics', 'python']"
65062795,"['sql', 'excel']","['machine learning', 'data analysis', 'nlp', 'statistics', 'python']"
10984392,['excel'],"['sql', 'machine learning', 'data analysis', 'nlp', 'statistics', 'python']"
49777184,['excel'],"['sql', 'machine learning', 'data analysis', 'nlp', 'statistics', 'python']"
11835339,[],"['machine learning', 'data analysis', 'nlp', 'sql', 'statistics', 'excel', 'python']"
21156767,"['python', 'machine learning', 'data analysis', 'sql']","['statistics', 'nlp', 'excel']"
26234972,['excel'],"['sql', 'machine learning', 'data analysis', 'nlp', 'statistics', 'python']"
15535920,"['excel', 'statistics']","['sql', 'machine learning', 'data analysis', 'nlp', 'python']"
26919036,['excel'],"['sql', 'machine learning', 'data analysis', 'nlp', 'statistics', 'python']"
57601040,[],"['machine learning', 'data analysis', 'nlp', 'sql', 'statistics', 'excel', 'python']"
29076405,['excel'],"['sql', 'machine learning', 'data analysis', 'nlp', 'statistics', 'python']"
26167298,['excel'],"['sql', 'machine learning', 'data analysis', 'nlp', 'statistics', 'python']"
13837784,['excel'],"['sql', 'machine learning', 'data analysis', 'nlp', 'statistics', 'python']"
16509761,['excel'],"['sql', 'machine learning', 'data analysis', 'nlp', 'statistics', 'python']"
29915354,['excel'],"['sql', 'machine learning', 'data analysis', 'nlp', 'statistics', 'python']"
82929064,[],"['machine learning', 'data analysis', 'nlp', 'sql', 'statistics', 'excel', 'python']"
10515955,['excel'],"['sql', 'machine learning', 'data analysis', 'nlp', 'statistics', 'python']"
14945250,[],"['machine learning', 'data analysis', 'nlp', 'sql', 'statistics', 'excel', 'python']"
28609364,[],"['machine learning', 'data analysis', 'nlp', 'sql', 'statistics', 'excel', 'python']"
19861776,[],"['machine learning', 'data analysis', 'nlp', 'sql', 'statistics', 'excel', 'python']"
14036515,[],"['machine learning', 'data analysis', 'nlp', 'sql', 'statistics', 'excel', 'python']"
11005406,['sql'],"['machine learning', 'data analysis', 'nlp', 'statistics', 'excel', 'python']"
17132168,[],"['machine learning', 'data analysis', 'nlp', 'sql', 'statistics', 'excel', 'python']"
15353911,[],"['machine learning', 'data analysis', 'nlp', 'sql', 'statistics', 'excel', 'python']"
18501746,['data analysis'],"['sql', 'machine learning', 'nlp', 'statistics', 'excel', 'python']"
26341987,"['sql', 'excel']","['machine learning', 'data analysis', 'nlp', 'statistics', 'python']"
27419236,"['sql', 'excel']","['machine learning', 'data analysis', 'nlp', 'statistics', 'python']"
13328680,"['data analysis', 'excel']","['sql', 'machine learning', 'nlp', 'statistics', 'python']"
17584743,['excel'],"['sql', 'machine learning', 'data analysis', 'nlp', 'statistics', 'python']"
14761906,[],"['machine learning', 'data analysis', 'nlp', 'sql', 'statistics', 'excel', 'python']"
31162167,['excel'],"['sql', 'machine learning', 'data analysis', 'nlp', 'statistics', 'python']"
15226699,['excel'],"['sql', 'machine learning', 'data analysis', 'nlp', 'statistics', 'python']"
25525152,['excel'],"['sql', 'machine learning', 'data analysis', 'nlp', 'statistics', 'python']"
13343786,['statistics'],"['sql', 'machine learning', 'data analysis', 'nlp', 'excel', 'python']"
15484097,['excel'],"['sql', 'machine learning', 'data analysis', 'nlp', 'statistics', 'python']"
25723793,['excel'],"['sql', 'machine learning', 'data analysis', 'nlp', 'statistics', 'python']"
19444529,[],"['machine learning', 'data analysis', 'nlp', 'sql', 'statistics', 'excel', 'python']"
33893326,['statistics'],"['sql', 'machine learning', 'data analysis', 'nlp', 'excel', 'python']"
18442517,"['sql', 'excel']","['machine learning', 'data analysis', 'nlp', 'statistics', 'python']"
40883703,[],"['machine learning', 'data analysis', 'nlp', 'sql', 'statistics', 'excel', 'python']"
27981289,['excel'],"['sql', 'machine learning', 'data analysis', 'nlp', 'statistics', 'python']"
18900722,['excel'],"['sql', 'machine learning', 'data analysis', 'nlp', 'statistics', 'python']"
28109594,['excel'],"['sql', 'machine learning', 'data analysis', 'nlp', 'statistics', 'python']"
31929166,['excel'],"['sql', 'machine learning', 'data analysis', 'nlp', 'statistics', 'python']"
24574164,['excel'],"['sql', 'machine learning', 'data analysis', 'nlp', 'statistics', 'python']"
23085604,['excel'],"['sql', 'machine learning', 'data analysis', 'nlp', 'statistics', 'python']"
27080812,['machine learning'],"['sql', 'data analysis', 'nlp', 'statistics', 'excel', 'python']"
14209965,['excel'],"['sql', 'machine learning', 'data analysis', 'nlp', 'statistics', 'python']"
20330739,[],"['machine learning', 'data analysis', 'nlp', 'sql', 'statistics', 'excel', 'python']"
37739183,[],"['machine learning', 'data analysis', 'nlp', 'sql', 'statistics', 'excel', 'python']"
14771530,['excel'],"['sql', 'machine learning', 'data analysis', 'nlp', 'statistics', 'python']"
62700506,['excel'],"['sql', 'machine learning', 'data analysis', 'nlp', 'statistics', 'python']"
34319869,"['data analysis', 'excel']","['sql', 'machine learning', 'nlp', 'statistics', 'python']"
30999638,['excel'],"['sql', 'machine learning', 'data analysis', 'nlp', 'statistics', 'python']"
11677012,['excel'],"['sql', 'machine learning', 'data analysis', 'nlp', 'statistics', 'python']"
18525641,['excel'],"['sql', 'machine learning', 'data analysis', 'nlp', 'statistics', 'python']"
91539554,['data analysis'],"['sql', 'machine learning', 'nlp', 'statistics', 'excel', 'python']"
13503650,['excel'],"['sql', 'machine learning', 'data analysis', 'nlp', 'statistics', 'python']"
23864858,"['sql', 'excel']","['machine learning', 'data analysis', 'nlp', 'statistics', 'python']"
24658786,['data analysis'],"['sql', 'machine learning', 'nlp', 'statistics', 'excel', 'python']"
39166680,"['sql', 'excel']","['machine learning', 'data analysis', 'nlp', 'statistics', 'python']"
25038571,['excel'],"['sql', 'machine learning', 'data analysis', 'nlp', 'statistics', 'python']"
33542483,['excel'],"['sql', 'machine learning', 'data analysis', 'nlp', 'statistics', 'python']"
58915642,['excel'],"['sql', 'machine learning', 'data analysis', 'nlp', 'statistics', 'python']"
18927233,[],"['machine learning', 'data analysis', 'nlp', 'sql', 'statistics', 'excel', 'python']"
16893572,"['sql', 'excel']","['machine learning', 'data analysis', 'nlp', 'statistics', 'python']"
18488289,['excel'],"['sql', 'machine learning', 'data analysis', 'nlp', 'statistics', 'python']"
31909493,[],"['machine learning', 'data analysis', 'nlp', 'sql', 'statistics', 'excel', 'python']"
29002596,[],"['machine learning', 'data analysis', 'nlp', 'sql', 'statistics', 'excel', 'python']"
73282756,"['excel', 'statistics']","['sql', 'machine learning', 'data analysis', 'nlp', 'python']"
94492380,[],"['machine learning', 'data analysis', 'nlp', 'sql', 'statistics', 'excel', 'python']"
18905648,['excel'],"['sql', 'machine learning', 'data analysis', 'nlp', 'statistics', 'python']"
70196518,['excel'],"['sql', 'machine learning', 'data analysis', 'nlp', 'statistics', 'python']"
56952849,"['sql', 'excel']","['machine learning', 'data analysis', 'nlp', 'statistics', 'python']"
40311088,[],"['machine learning', 'data analysis', 'nlp', 'sql', 'statistics', 'excel', 'python']"
19053815,['excel'],"['sql', 'machine learning', 'data analysis', 'nlp', 'statistics', 'python']"
10005171,[],"['machine learning', 'data analysis', 'nlp', 'sql', 'statistics', 'excel', 'python']"
26160200,[],"['machine learning', 'data analysis', 'nlp', 'sql', 'statistics', 'excel', 'python']"
59011090,['excel'],"['sql', 'machine learning', 'data analysis', 'nlp', 'statistics', 'python']"
34583750,['excel'],"['sql', 'machine learning', 'data analysis', 'nlp', 'statistics', 'python']"
22380187,['excel'],"['sql', 'machine learning', 'data analysis', 'nlp', 'statistics', 'python']"
24953921,['excel'],"['sql', 'machine learning', 'data analysis', 'nlp', 'statistics', 'python']"
20490741,[],"['machine learning', 'data analysis', 'nlp', 'sql', 'statistics', 'excel', 'python']"
21125113,['excel'],"['sql', 'machine learning', 'data analysis', 'nlp', 'statistics', 'python']"
11270462,[],"['machine learning', 'data analysis', 'nlp', 'sql', 'statistics', 'excel', 'python']"
90685127,[],"['machine learning', 'data analysis', 'nlp', 'sql', 'statistics', 'excel', 'python']"
20628003,[],"['machine learning', 'data analysis', 'nlp', 'sql', 'statistics', 'excel', 'python']"
30504149,[],"['machine learning', 'data analysis', 'nlp', 'sql', 'statistics', 'excel', 'python']"
25706337,['excel'],"['sql', 'machine learning', 'data analysis', 'nlp', 'statistics', 'python']"
91318828,[],"['machine learning', 'data analysis', 'nlp', 'sql', 'statistics', 'excel', 'python']"
42156237,"['python', 'sql', 'excel']","['machine learning', 'statistics', 'data analysis', 'nlp']"
80679862,['excel'],"['sql', 'machine learning', 'data analysis', 'nlp', 'statistics', 'python']"
16276121,['excel'],"['sql', 'machine learning', 'data analysis', 'nlp', 'statistics', 'python']"
27921561,['excel'],"['sql', 'machine learning', 'data analysis', 'nlp', 'statistics', 'python']"
50219114,[],"['machine learning', 'data analysis', 'nlp', 'sql', 'statistics', 'excel', 'python']"
30864828,['excel'],"['sql', 'machine learning', 'data analysis', 'nlp', 'statistics', 'python']"
17562754,[],"['machine learning', 'data analysis', 'nlp', 'sql', 'statistics', 'excel', 'python']"
24679149,[],"['machine learning', 'data analysis', 'nlp', 'sql', 'statistics', 'excel', 'python']"
81508860,['excel'],"['sql', 'machine learning', 'data analysis', 'nlp', 'statistics', 'python']"
28679359,['excel'],"['sql', 'machine learning', 'data analysis', 'nlp', 'statistics', 'python']"
14556869,"['data analysis', 'excel']","['sql', 'machine learning', 'nlp', 'statistics', 'python']"
23810469,[],"['machine learning', 'data analysis', 'nlp', 'sql', 'statistics', 'excel', 'python']"
16536141,['excel'],"['sql', 'machine learning', 'data analysis', 'nlp', 'statistics', 'python']"
12085736,['sql'],"['machine learning', 'data analysis', 'nlp', 'statistics', 'excel', 'python']"
20210676,['excel'],"['sql', 'machine learning', 'data analysis', 'nlp', 'statistics', 'python']"
22706174,['excel'],"['sql', 'machine learning', 'data analysis', 'nlp', 'statistics', 'python']"
18354623,[],"['machine learning', 'data analysis', 'nlp', 'sql', 'statistics', 'excel', 'python']"
17432318,['excel'],"['sql', 'machine learning', 'data analysis', 'nlp', 'statistics', 'python']"
11797122,['excel'],"['sql', 'machine learning', 'data analysis', 'nlp', 'statistics', 'python']"
16332293,[],"['machine learning', 'data analysis', 'nlp', 'sql', 'statistics', 'excel', 'python']"
28790806,"['sql', 'excel']","['machine learning', 'data analysis', 'nlp', 'statistics', 'python']"
91515108,['excel'],"['sql', 'machine learning', 'data analysis', 'nlp', 'statistics', 'python']"
32109048,['excel'],"['sql', 'machine learning', 'data analysis', 'nlp', 'statistics', 'python']"
11152490,"['data analysis', 'excel', 'statistics']","['machine learning', 'python', 'nlp', 'sql']"
99680385,[],"['machine learning', 'data analysis', 'nlp', 'sql', 'statistics', 'excel', 'python']"
15790602,[],"['machine learning', 'data analysis', 'nlp', 'sql', 'statistics', 'excel', 'python']"
17510973,['excel'],"['sql', 'machine learning', 'data analysis', 'nlp', 'statistics', 'python']"
23522150,['excel'],"['sql', 'machine learning', 'data analysis', 'nlp', 'statistics', 'python']"
11257723,[],"['machine learning', 'data analysis', 'nlp', 'sql', 'statistics', 'excel', 'python']"
14455622,[],"['machine learning', 'data analysis', 'nlp', 'sql', 'statistics', 'excel', 'python']"
84295343,['excel'],"['sql', 'machine learning', 'data analysis', 'nlp', 'statistics', 'python']"
78357954,['excel'],"['sql', 'machine learning', 'data analysis', 'nlp', 'statistics', 'python']"
24703983,['excel'],"['sql', 'machine learning', 'data analysis', 'nlp', 'statistics', 'python']"
47487091,['excel'],"['sql', 'machine learning', 'data analysis', 'nlp', 'statistics', 'python']"
23009962,['excel'],"['sql', 'machine learning', 'data analysis', 'nlp', 'statistics', 'python']"
22732234,['statistics'],"['sql', 'machine learning', 'data analysis', 'nlp', 'excel', 'python']"
18448085,"['python', 'data analysis', 'sql', 'excel', 'statistics']","['machine learning', 'nlp']"
11887930,['excel'],"['sql', 'machine learning', 'data analysis', 'nlp', 'statistics', 'python']"
14508237,['excel'],"['sql', 'machine learning', 'data analysis', 'nlp', 'statistics', 'python']"
15100547,['excel'],"['sql', 'machine learning', 'data analysis', 'nlp', 'statistics', 'python']"
97449528,['excel'],"['sql', 'machine learning', 'data analysis', 'nlp', 'statistics', 'python']"
26341645,"['data analysis', 'sql', 'excel']","['machine learning', 'statistics', 'nlp', 'python']"
82140102,"['data analysis', 'excel']","['sql', 'machine learning', 'nlp', 'statistics', 'python']"
17571262,['excel'],"['sql', 'machine learning', 'data analysis', 'nlp', 'statistics', 'python']"
32069695,['excel'],"['sql', 'machine learning', 'data analysis', 'nlp', 'statistics', 'python']"
22946204,"['python', 'machine learning', 'data analysis', 'sql', 'excel', 'statistics']",['nlp']
63989974,[],"['machine learning', 'data analysis', 'nlp', 'sql', 'statistics', 'excel', 'python']"
15484011,['excel'],"['sql', 'machine learning', 'data analysis', 'nlp', 'statistics', 'python']"
18932512,['excel'],"['sql', 'machine learning', 'data analysis', 'nlp', 'statistics', 'python']"
15210069,['excel'],"['sql', 'machine learning', 'data analysis', 'nlp', 'statistics', 'python']"
25047127,['excel'],"['sql', 'machine learning', 'data analysis', 'nlp', 'statistics', 'python']"
22452756,[],"['machine learning', 'data analysis', 'nlp', 'sql', 'statistics', 'excel', 'python']"
24592627,[],"['machine learning', 'data analysis', 'nlp', 'sql', 'statistics', 'excel', 'python']"
51508889,"['data analysis', 'sql', 'excel']","['machine learning', 'statistics', 'nlp', 'python']"
15180322,[],"['machine learning', 'data analysis', 'nlp', 'sql', 'statistics', 'excel', 'python']"
24221960,[],"['machine learning', 'data analysis', 'nlp', 'sql', 'statistics', 'excel', 'python']"
24673903,['excel'],"['sql', 'machine learning', 'data analysis', 'nlp', 'statistics', 'python']"
19007667,[],"['machine learning', 'data analysis', 'nlp', 'sql', 'statistics', 'excel', 'python']"
30311202,[],"['machine learning', 'data analysis', 'nlp', 'sql', 'statistics', 'excel', 'python']"
11121498,['excel'],"['sql', 'machine learning', 'data analysis', 'nlp', 'statistics', 'python']"
32518109,['excel'],"['sql', 'machine learning', 'data analysis', 'nlp', 'statistics', 'python']"
26718039,[],"['machine learning', 'data analysis', 'nlp', 'sql', 'statistics', 'excel', 'python']"
23568731,['excel'],"['sql', 'machine learning', 'data analysis', 'nlp', 'statistics', 'python']"
14663897,['excel'],"['sql', 'machine learning', 'data analysis', 'nlp', 'statistics', 'python']"
21904897,[],"['machine learning', 'data analysis', 'nlp', 'sql', 'statistics', 'excel', 'python']"
23591247,['excel'],"['sql', 'machine learning', 'data analysis', 'nlp', 'statistics', 'python']"
16594812,[],"['machine learning', 'data analysis', 'nlp', 'sql', 'statistics', 'excel', 'python']"
19831366,['excel'],"['sql', 'machine learning', 'data analysis', 'nlp', 'statistics', 'python']"
16804396,['excel'],"['sql', 'machine learning', 'data analysis', 'nlp', 'statistics', 'python']"
92122785,['excel'],"['sql', 'machine learning', 'data analysis', 'nlp', 'statistics', 'python']"
27831220,[],"['machine learning', 'data analysis', 'nlp', 'sql', 'statistics', 'excel', 'python']"
13411858,['excel'],"['sql', 'machine learning', 'data analysis', 'nlp', 'statistics', 'python']"
25924968,['excel'],"['sql', 'machine learning', 'data analysis', 'nlp', 'statistics', 'python']"
34252537,['excel'],"['sql', 'machine learning', 'data analysis', 'nlp', 'statistics', 'python']"
81373857,['excel'],"['sql', 'machine learning', 'data analysis', 'nlp', 'statistics', 'python']"
92985983,['excel'],"['sql', 'machine learning', 'data analysis', 'nlp', 'statistics', 'python']"
34452806,[],"['machine learning', 'data analysis', 'nlp', 'sql', 'statistics', 'excel', 'python']"
21611637,[],"['machine learning', 'data analysis', 'nlp', 'sql', 'statistics', 'excel', 'python']"
13095891,[],"['machine learning', 'data analysis', 'nlp', 'sql', 'statistics', 'excel', 'python']"
12717345,[],"['machine learning', 'data analysis', 'nlp', 'sql', 'statistics', 'excel', 'python']"
23841877,['excel'],"['sql', 'machine learning', 'data analysis', 'nlp', 'statistics', 'python']"
23032276,['excel'],"['sql', 'machine learning', 'data analysis', 'nlp', 'statistics', 'python']"
32605413,['excel'],"['sql', 'machine learning', 'data analysis', 'nlp', 'statistics', 'python']"
65373280,['excel'],"['sql', 'machine learning', 'data analysis', 'nlp', 'statistics', 'python']"
27909372,['excel'],"['sql', 'machine learning', 'data analysis', 'nlp', 'statistics', 'python']"
47603843,[],"['machine learning', 'data analysis', 'nlp', 'sql', 'statistics', 'excel', 'python']"
11444536,['excel'],"['sql', 'machine learning', 'data analysis', 'nlp', 'statistics', 'python']"
25953797,[],"['machine learning', 'data analysis', 'nlp', 'sql', 'statistics', 'excel', 'python']"
23185829,['excel'],"['sql', 'machine learning', 'data analysis', 'nlp', 'statistics', 'python']"
21869994,['excel'],"['sql', 'machine learning', 'data analysis', 'nlp', 'statistics', 'python']"
28424982,[],"['machine learning', 'data analysis', 'nlp', 'sql', 'statistics', 'excel', 'python']"
47317494,['excel'],"['sql', 'machine learning', 'data analysis', 'nlp', 'statistics', 'python']"
29784524,['excel'],"['sql', 'machine learning', 'data analysis', 'nlp', 'statistics', 'python']"
10001727,['excel'],"['sql', 'machine learning', 'data analysis', 'nlp', 'statistics', 'python']"
74522938,[],"['machine learning', 'data analysis', 'nlp', 'sql', 'statistics', 'excel', 'python']"
91591026,[],"['machine learning', 'data analysis', 'nlp', 'sql', 'statistics', 'excel', 'python']"
21511817,[],"['machine learning', 'data analysis', 'nlp', 'sql', 'statistics', 'excel', 'python']"
35468363,[],"['machine learning', 'data analysis', 'nlp', 'sql', 'statistics', 'excel', 'python']"
37231163,['excel'],"['sql', 'machine learning', 'data analysis', 'nlp', 'statistics', 'python']"
16924102,[],"['machine learning', 'data analysis', 'nlp', 'sql', 'statistics', 'excel', 'python']"
28092317,['excel'],"['sql', 'machine learning', 'data analysis', 'nlp', 'statistics', 'python']"
16855929,['excel'],"['sql', 'machine learning', 'data analysis', 'nlp', 'statistics', 'python']"
29211359,['excel'],"['sql', 'machine learning', 'data analysis', 'nlp', 'statistics', 'python']"
27820360,[],"['machine learning', 'data analysis', 'nlp', 'sql', 'statistics', 'excel', 'python']"
48580330,[],"['machine learning', 'data analysis', 'nlp', 'sql', 'statistics', 'excel', 'python']"
29072179,[],"['machine learning', 'data analysis', 'nlp', 'sql', 'statistics', 'excel', 'python']"
94047639,['excel'],"['sql', 'machine learning', 'data analysis', 'nlp', 'statistics', 'python']"
21622444,[],"['machine learning', 'data analysis', 'nlp', 'sql', 'statistics', 'excel', 'python']"
33964275,[],"['machine learning', 'data analysis', 'nlp', 'sql', 'statistics', 'excel', 'python']"
21101152,['excel'],"['sql', 'machine learning', 'data analysis', 'nlp', 'statistics', 'python']"
25128608,[],"['machine learning', 'data analysis', 'nlp', 'sql', 'statistics', 'excel', 'python']"
18825446,[],"['machine learning', 'data analysis', 'nlp', 'sql', 'statistics', 'excel', 'python']"
61322296,['excel'],"['sql', 'machine learning', 'data analysis', 'nlp', 'statistics', 'python']"
20817322,['excel'],"['sql', 'machine learning', 'data analysis', 'nlp', 'statistics', 'python']"
29449419,['excel'],"['sql', 'machine learning', 'data analysis', 'nlp', 'statistics', 'python']"
20321582,[],"['machine learning', 'data analysis', 'nlp', 'sql', 'statistics', 'excel', 'python']"
19285236,[],"['machine learning', 'data analysis', 'nlp', 'sql', 'statistics', 'excel', 'python']"
13264154,[],"['machine learning', 'data analysis', 'nlp', 'sql', 'statistics', 'excel', 'python']"
47729453,[],"['machine learning', 'data analysis', 'nlp', 'sql', 'statistics', 'excel', 'python']"
51554903,['excel'],"['sql', 'machine learning', 'data analysis', 'nlp', 'statistics', 'python']"
14569498,['excel'],"['sql', 'machine learning', 'data analysis', 'nlp', 'statistics', 'python']"
22561438,['excel'],"['sql', 'machine learning', 'data analysis', 'nlp', 'statistics', 'python']"
12420359,['excel'],"['sql', 'machine learning', 'data analysis', 'nlp', 'statistics', 'python']"
16248476,[],"['machine learning', 'data analysis', 'nlp', 'sql', 'statistics', 'excel', 'python']"
10653119,[],"['machine learning', 'data analysis', 'nlp', 'sql', 'statistics', 'excel', 'python']"
11209758,['excel'],"['sql', 'machine learning', 'data analysis', 'nlp', 'statistics', 'python']"
86551046,[],"['machine learning', 'data analysis', 'nlp', 'sql', 'statistics', 'excel', 'python']"
23807940,['excel'],"['sql', 'machine learning', 'data analysis', 'nlp', 'statistics', 'python']"
29775391,['excel'],"['sql', 'machine learning', 'data analysis', 'nlp', 'statistics', 'python']"
53265899,['excel'],"['sql', 'machine learning', 'data analysis', 'nlp', 'statistics', 'python']"
38309905,[],"['machine learning', 'data analysis', 'nlp', 'sql', 'statistics', 'excel', 'python']"
29772450,[],"['machine learning', 'data analysis', 'nlp', 'sql', 'statistics', 'excel', 'python']"
21334981,['excel'],"['sql', 'machine learning', 'data analysis', 'nlp', 'statistics', 'python']"
10276858,[],"['machine learning', 'data analysis', 'nlp', 'sql', 'statistics', 'excel', 'python']"
10588874,['excel'],"['sql', 'machine learning', 'data analysis', 'nlp', 'statistics', 'python']"
35157762,['excel'],"['sql', 'machine learning', 'data analysis', 'nlp', 'statistics', 'python']"
91072502,[],"['machine learning', 'data analysis', 'nlp', 'sql', 'statistics', 'excel', 'python']"
13212436,[],"['machine learning', 'data analysis', 'nlp', 'sql', 'statistics', 'excel', 'python']"
15261348,[],"['machine learning', 'data analysis', 'nlp', 'sql', 'statistics', 'excel', 'python']"
27662298,[],"['machine learning', 'data analysis', 'nlp', 'sql', 'statistics', 'excel', 'python']"
16066857,[],"['machine learning', 'data analysis', 'nlp', 'sql', 'statistics', 'excel', 'python']"
30337969,[],"['machine learning', 'data analysis', 'nlp', 'sql', 'statistics', 'excel', 'python']"
10333299,[],"['machine learning', 'data analysis', 'nlp', 'sql', 'statistics', 'excel', 'python']"
28396528,[],"['machine learning', 'data analysis', 'nlp', 'sql', 'statistics', 'excel', 'python']"
19268120,['excel'],"['sql', 'machine learning', 'data analysis', 'nlp', 'statistics', 'python']"
20691949,[],"['machine learning', 'data analysis', 'nlp', 'sql', 'statistics', 'excel', 'python']"
26189601,[],"['machine learning', 'data analysis', 'nlp', 'sql', 'statistics', 'excel', 'python']"
30826569,['excel'],"['sql', 'machine learning', 'data analysis', 'nlp', 'statistics', 'python']"
91268638,['excel'],"['sql', 'machine learning', 'data analysis', 'nlp', 'statistics', 'python']"
18036030,['data analysis'],"['sql', 'machine learning', 'nlp', 'statistics', 'excel', 'python']"
36366044,['excel'],"['sql', 'machine learning', 'data analysis', 'nlp', 'statistics', 'python']"
23398733,[],"['machine learning', 'data analysis', 'nlp', 'sql', 'statistics', 'excel', 'python']"
29990140,['excel'],"['sql', 'machine learning', 'data analysis', 'nlp', 'statistics', 'python']"
30128072,[],"['machine learning', 'data analysis', 'nlp', 'sql', 'statistics', 'excel', 'python']"
28176889,[],"['machine learning', 'data analysis', 'nlp', 'sql', 'statistics', 'excel', 'python']"
10889157,['excel'],"['sql', 'machine learning', 'data analysis', 'nlp', 'statistics', 'python']"
19951766,"['excel', 'statistics']","['sql', 'machine learning', 'data analysis', 'nlp', 'python']"
57262959,['excel'],"['sql', 'machine learning', 'data analysis', 'nlp', 'statistics', 'python']"
20033302,['excel'],"['sql', 'machine learning', 'data analysis', 'nlp', 'statistics', 'python']"
24709432,['excel'],"['sql', 'machine learning', 'data analysis', 'nlp', 'statistics', 'python']"
62555739,['excel'],"['sql', 'machine learning', 'data analysis', 'nlp', 'statistics', 'python']"
31547476,['excel'],"['sql', 'machine learning', 'data analysis', 'nlp', 'statistics', 'python']"
18480859,['excel'],"['sql', 'machine learning', 'data analysis', 'nlp', 'statistics', 'python']"
12254068,[],"['machine learning', 'data analysis', 'nlp', 'sql', 'statistics', 'excel', 'python']"
11432686,"['data analysis', 'excel']","['sql', 'machine learning', 'nlp', 'statistics', 'python']"
25452321,[],"['machine learning', 'data analysis', 'nlp', 'sql', 'statistics', 'excel', 'python']"
28230807,['excel'],"['sql', 'machine learning', 'data analysis', 'nlp', 'statistics', 'python']"
15354126,['excel'],"['sql', 'machine learning', 'data analysis', 'nlp', 'statistics', 'python']"
12155206,['excel'],"['sql', 'machine learning', 'data analysis', 'nlp', 'statistics', 'python']"
27298953,['excel'],"['sql', 'machine learning', 'data analysis', 'nlp', 'statistics', 'python']"
68338341,['excel'],"['sql', 'machine learning', 'data analysis', 'nlp', 'statistics', 'python']"
22349169,[],"['machine learning', 'data analysis', 'nlp', 'sql', 'statistics', 'excel', 'python']"
11877150,['excel'],"['sql', 'machine learning', 'data analysis', 'nlp', 'statistics', 'python']"
86549455,['data analysis'],"['sql', 'machine learning', 'nlp', 'statistics', 'excel', 'python']"
26530575,['excel'],"['sql', 'machine learning', 'data analysis', 'nlp', 'statistics', 'python']"
23955183,[],"['machine learning', 'data analysis', 'nlp', 'sql', 'statistics', 'excel', 'python']"
24854026,"['data analysis', 'sql', 'excel']","['machine learning', 'statistics', 'nlp', 'python']"
48285304,"['excel', 'statistics']","['sql', 'machine learning', 'data analysis', 'nlp', 'python']"
14722634,['excel'],"['sql', 'machine learning', 'data analysis', 'nlp', 'statistics', 'python']"
27789372,['excel'],"['sql', 'machine learning', 'data analysis', 'nlp', 'statistics', 'python']"
26767199,"['data analysis', 'excel']","['sql', 'machine learning', 'nlp', 'statistics', 'python']"
15891494,['excel'],"['sql', 'machine learning', 'data analysis', 'nlp', 'statistics', 'python']"
78229715,"['excel', 'statistics']","['sql', 'machine learning', 'data analysis', 'nlp', 'python']"
22720697,['excel'],"['sql', 'machine learning', 'data analysis', 'nlp', 'statistics', 'python']"
70541112,"['sql', 'excel']","['machine learning', 'data analysis', 'nlp', 'statistics', 'python']"
20705888,"['excel', 'statistics']","['sql', 'machine learning', 'data analysis', 'nlp', 'python']"
28522529,['excel'],"['sql', 'machine learning', 'data analysis', 'nlp', 'statistics', 'python']"
19147603,['excel'],"['sql', 'machine learning', 'data analysis', 'nlp', 'statistics', 'python']"
11490673,[],"['machine learning', 'data analysis', 'nlp', 'sql', 'statistics', 'excel', 'python']"
84356308,['excel'],"['sql', 'machine learning', 'data analysis', 'nlp', 'statistics', 'python']"
91564103,['excel'],"['sql', 'machine learning', 'data analysis', 'nlp', 'statistics', 'python']"
22622351,[],"['machine learning', 'data analysis', 'nlp', 'sql', 'statistics', 'excel', 'python']"
61634281,[],"['machine learning', 'data analysis', 'nlp', 'sql', 'statistics', 'excel', 'python']"
24530382,['excel'],"['sql', 'machine learning', 'data analysis', 'nlp', 'statistics', 'python']"
27018361,['excel'],"['sql', 'machine learning', 'data analysis', 'nlp', 'statistics', 'python']"
92524964,['excel'],"['sql', 'machine learning', 'data analysis', 'nlp', 'statistics', 'python']"
19405513,['excel'],"['sql', 'machine learning', 'data analysis', 'nlp', 'statistics', 'python']"
17775916,['excel'],"['sql', 'machine learning', 'data analysis', 'nlp', 'statistics', 'python']"
18975686,['excel'],"['sql', 'machine learning', 'data analysis', 'nlp', 'statistics', 'python']"
28758002,['excel'],"['sql', 'machine learning', 'data analysis', 'nlp', 'statistics', 'python']"
59938965,['excel'],"['sql', 'machine learning', 'data analysis', 'nlp', 'statistics', 'python']"
28396458,['excel'],"['sql', 'machine learning', 'data analysis', 'nlp', 'statistics', 'python']"
27914096,['excel'],"['sql', 'machine learning', 'data analysis', 'nlp', 'statistics', 'python']"
57088974,['excel'],"['sql', 'machine learning', 'data analysis', 'nlp', 'statistics', 'python']"
26231609,['excel'],"['sql', 'machine learning', 'data analysis', 'nlp', 'statistics', 'python']"
20836112,['excel'],"['sql', 'machine learning', 'data analysis', 'nlp', 'statistics', 'python']"
28398216,['excel'],"['sql', 'machine learning', 'data analysis', 'nlp', 'statistics', 'python']"
26961846,[],"['machine learning', 'data analysis', 'nlp', 'sql', 'statistics', 'excel', 'python']"
37931076,['excel'],"['sql', 'machine learning', 'data analysis', 'nlp', 'statistics', 'python']"
16426777,['excel'],"['sql', 'machine learning', 'data analysis', 'nlp', 'statistics', 'python']"
26750846,['excel'],"['sql', 'machine learning', 'data analysis', 'nlp', 'statistics', 'python']"
28623782,['excel'],"['sql', 'machine learning', 'data analysis', 'nlp', 'statistics', 'python']"
81677620,['excel'],"['sql', 'machine learning', 'data analysis', 'nlp', 'statistics', 'python']"
14413148,['excel'],"['sql', 'machine learning', 'data analysis', 'nlp', 'statistics', 'python']"
76454959,['excel'],"['sql', 'machine learning', 'data analysis', 'nlp', 'statistics', 'python']"
11441764,"['sql', 'excel']","['machine learning', 'data analysis', 'nlp', 'statistics', 'python']"
24411323,['excel'],"['sql', 'machine learning', 'data analysis', 'nlp', 'statistics', 'python']"
33685988,['excel'],"['sql', 'machine learning', 'data analysis', 'nlp', 'statistics', 'python']"
62850928,[],"['machine learning', 'data analysis', 'nlp', 'sql', 'statistics', 'excel', 'python']"
34250007,"['excel', 'statistics']","['sql', 'machine learning', 'data analysis', 'nlp', 'python']"
74849878,"['data analysis', 'excel']","['sql', 'machine learning', 'nlp', 'statistics', 'python']"
25497147,['excel'],"['sql', 'machine learning', 'data analysis', 'nlp', 'statistics', 'python']"
31948488,['excel'],"['sql', 'machine learning', 'data analysis', 'nlp', 'statistics', 'python']"
18640927,['excel'],"['sql', 'machine learning', 'data analysis', 'nlp', 'statistics', 'python']"
77638654,['excel'],"['sql', 'machine learning', 'data analysis', 'nlp', 'statistics', 'python']"
38441665,[],"['machine learning', 'data analysis', 'nlp', 'sql', 'statistics', 'excel', 'python']"
18072085,"['excel', 'statistics']","['sql', 'machine learning', 'data analysis', 'nlp', 'python']"
14408510,['excel'],"['sql', 'machine learning', 'data analysis', 'nlp', 'statistics', 'python']"
12858898,['excel'],"['sql', 'machine learning', 'data analysis', 'nlp', 'statistics', 'python']"
24670867,['excel'],"['sql', 'machine learning', 'data analysis', 'nlp', 'statistics', 'python']"
29648950,[],"['machine learning', 'data analysis', 'nlp', 'sql', 'statistics', 'excel', 'python']"
27330027,"['excel', 'statistics']","['sql', 'machine learning', 'data analysis', 'nlp', 'python']"
17880988,"['data analysis', 'excel']","['sql', 'machine learning', 'nlp', 'statistics', 'python']"
15011085,[],"['machine learning', 'data analysis', 'nlp', 'sql', 'statistics', 'excel', 'python']"
20977412,"['sql', 'excel']","['machine learning', 'data analysis', 'nlp', 'statistics', 'python']"
26013403,"['sql', 'excel']","['machine learning', 'data analysis', 'nlp', 'statistics', 'python']"
84373843,['excel'],"['sql', 'machine learning', 'data analysis', 'nlp', 'statistics', 'python']"
21912637,['excel'],"['sql', 'machine learning', 'data analysis', 'nlp', 'statistics', 'python']"
14181049,"['sql', 'excel']","['machine learning', 'data analysis', 'nlp', 'statistics', 'python']"
29998869,['excel'],"['sql', 'machine learning', 'data analysis', 'nlp', 'statistics', 'python']"
18024825,"['data analysis', 'sql', 'excel']","['machine learning', 'statistics', 'nlp', 'python']"
28973180,['excel'],"['sql', 'machine learning', 'data analysis', 'nlp', 'statistics', 'python']"
23573064,['excel'],"['sql', 'machine learning', 'data analysis', 'nlp', 'statistics', 'python']"
10549585,['excel'],"['sql', 'machine learning', 'data analysis', 'nlp', 'statistics', 'python']"
23354541,['excel'],"['sql', 'machine learning', 'data analysis', 'nlp', 'statistics', 'python']"
29494962,['excel'],"['sql', 'machine learning', 'data analysis', 'nlp', 'statistics', 'python']"
81217013,['excel'],"['sql', 'machine learning', 'data analysis', 'nlp', 'statistics', 'python']"
39675895,"['data analysis', 'excel']","['sql', 'machine learning', 'nlp', 'statistics', 'python']"
12071138,['excel'],"['sql', 'machine learning', 'data analysis', 'nlp', 'statistics', 'python']"
25330083,['excel'],"['sql', 'machine learning', 'data analysis', 'nlp', 'statistics', 'python']"
69487178,[],"['machine learning', 'data analysis', 'nlp', 'sql', 'statistics', 'excel', 'python']"
86595128,['excel'],"['sql', 'machine learning', 'data analysis', 'nlp', 'statistics', 'python']"
74512244,['excel'],"['sql', 'machine learning', 'data analysis', 'nlp', 'statistics', 'python']"
25678238,['excel'],"['sql', 'machine learning', 'data analysis', 'nlp', 'statistics', 'python']"
38907798,['excel'],"['sql', 'machine learning', 'data analysis', 'nlp', 'statistics', 'python']"
58165257,['excel'],"['sql', 'machine learning', 'data analysis', 'nlp', 'statistics', 'python']"
93653247,[],"['machine learning', 'data analysis', 'nlp', 'sql', 'statistics', 'excel', 'python']"
29612672,['excel'],"['sql', 'machine learning', 'data analysis', 'nlp', 'statistics', 'python']"
66741193,"['excel', 'statistics']","['sql', 'machine learning', 'data analysis', 'nlp', 'python']"
24553863,[],"['machine learning', 'data analysis', 'nlp', 'sql', 'statistics', 'excel', 'python']"
16449850,['excel'],"['sql', 'machine learning', 'data analysis', 'nlp', 'statistics', 'python']"
47410104,"['data analysis', 'excel', 'statistics']","['machine learning', 'python', 'nlp', 'sql']"
38225199,['excel'],"['sql', 'machine learning', 'data analysis', 'nlp', 'statistics', 'python']"
14106638,[],"['machine learning', 'data analysis', 'nlp', 'sql', 'statistics', 'excel', 'python']"
19243556,['excel'],"['sql', 'machine learning', 'data analysis', 'nlp', 'statistics', 'python']"
20880935,[],"['machine learning', 'data analysis', 'nlp', 'sql', 'statistics', 'excel', 'python']"
95519832,['excel'],"['sql', 'machine learning', 'data analysis', 'nlp', 'statistics', 'python']"
39295103,['excel'],"['sql', 'machine learning', 'data analysis', 'nlp', 'statistics', 'python']"
25101183,[],"['machine learning', 'data analysis', 'nlp', 'sql', 'statistics', 'excel', 'python']"
88038965,[],"['machine learning', 'data analysis', 'nlp', 'sql', 'statistics', 'excel', 'python']"
17392859,['excel'],"['sql', 'machine learning', 'data analysis', 'nlp', 'statistics', 'python']"
20969845,['excel'],"['sql', 'machine learning', 'data analysis', 'nlp', 'statistics', 'python']"
20275356,['excel'],"['sql', 'machine learning', 'data analysis', 'nlp', 'statistics', 'python']"
59818742,['excel'],"['sql', 'machine learning', 'data analysis', 'nlp', 'statistics', 'python']"
72136463,['excel'],"['sql', 'machine learning', 'data analysis', 'nlp', 'statistics', 'python']"
98513424,['excel'],"['sql', 'machine learning', 'data analysis', 'nlp', 'statistics', 'python']"
15717923,['excel'],"['sql', 'machine learning', 'data analysis', 'nlp', 'statistics', 'python']"
24833063,['excel'],"['sql', 'machine learning', 'data analysis', 'nlp', 'statistics', 'python']"
15792052,['excel'],"['sql', 'machine learning', 'data analysis', 'nlp', 'statistics', 'python']"
59450123,['excel'],"['sql', 'machine learning', 'data analysis', 'nlp', 'statistics', 'python']"
24611721,['excel'],"['sql', 'machine learning', 'data analysis', 'nlp', 'statistics', 'python']"
15224503,['excel'],"['sql', 'machine learning', 'data analysis', 'nlp', 'statistics', 'python']"
27409087,[],"['machine learning', 'data analysis', 'nlp', 'sql', 'statistics', 'excel', 'python']"
20918464,['excel'],"['sql', 'machine learning', 'data analysis', 'nlp', 'statistics', 'python']"
19540089,['excel'],"['sql', 'machine learning', 'data analysis', 'nlp', 'statistics', 'python']"
28724469,[],"['machine learning', 'data analysis', 'nlp', 'sql', 'statistics', 'excel', 'python']"
18636651,[],"['machine learning', 'data analysis', 'nlp', 'sql', 'statistics', 'excel', 'python']"
59777056,['excel'],"['sql', 'machine learning', 'data analysis', 'nlp', 'statistics', 'python']"
22492537,['excel'],"['sql', 'machine learning', 'data analysis', 'nlp', 'statistics', 'python']"
24967652,['excel'],"['sql', 'machine learning', 'data analysis', 'nlp', 'statistics', 'python']"
24533931,[],"['machine learning', 'data analysis', 'nlp', 'sql', 'statistics', 'excel', 'python']"
21807211,['excel'],"['sql', 'machine learning', 'data analysis', 'nlp', 'statistics', 'python']"
71767359,['excel'],"['sql', 'machine learning', 'data analysis', 'nlp', 'statistics', 'python']"
27694040,[],"['machine learning', 'data analysis', 'nlp', 'sql', 'statistics', 'excel', 'python']"
15535408,['excel'],"['sql', 'machine learning', 'data analysis', 'nlp', 'statistics', 'python']"
13386301,['excel'],"['sql', 'machine learning', 'data analysis', 'nlp', 'statistics', 'python']"
27091280,['excel'],"['sql', 'machine learning', 'data analysis', 'nlp', 'statistics', 'python']"
14413257,"['excel', 'statistics']","['sql', 'machine learning', 'data analysis', 'nlp', 'python']"
11677077,['excel'],"['sql', 'machine learning', 'data analysis', 'nlp', 'statistics', 'python']"
29521434,[],"['machine learning', 'data analysis', 'nlp', 'sql', 'statistics', 'excel', 'python']"
50324968,"['excel', 'statistics']","['sql', 'machine learning', 'data analysis', 'nlp', 'python']"
13764840,['excel'],"['sql', 'machine learning', 'data analysis', 'nlp', 'statistics', 'python']"
19070271,[],"['machine learning', 'data analysis', 'nlp', 'sql', 'statistics', 'excel', 'python']"
56151548,['excel'],"['sql', 'machine learning', 'data analysis', 'nlp', 'statistics', 'python']"
16391949,['excel'],"['sql', 'machine learning', 'data analysis', 'nlp', 'statistics', 'python']"
13418452,[],"['machine learning', 'data analysis', 'nlp', 'sql', 'statistics', 'excel', 'python']"
27099856,[],"['machine learning', 'data analysis', 'nlp', 'sql', 'statistics', 'excel', 'python']"
26046878,['excel'],"['sql', 'machine learning', 'data analysis', 'nlp', 'statistics', 'python']"
35121930,[],"['machine learning', 'data analysis', 'nlp', 'sql', 'statistics', 'excel', 'python']"
10182582,['excel'],"['sql', 'machine learning', 'data analysis', 'nlp', 'statistics', 'python']"
12669075,['excel'],"['sql', 'machine learning', 'data analysis', 'nlp', 'statistics', 'python']"
16915389,['excel'],"['sql', 'machine learning', 'data analysis', 'nlp', 'statistics', 'python']"
12668625,[],"['machine learning', 'data analysis', 'nlp', 'sql', 'statistics', 'excel', 'python']"
14698557,['excel'],"['sql', 'machine learning', 'data analysis', 'nlp', 'statistics', 'python']"
27549075,['excel'],"['sql', 'machine learning', 'data analysis', 'nlp', 'statistics', 'python']"
31225895,"['excel', 'statistics']","['sql', 'machine learning', 'data analysis', 'nlp', 'python']"
15479281,[],"['machine learning', 'data analysis', 'nlp', 'sql', 'statistics', 'excel', 'python']"
26691587,['excel'],"['sql', 'machine learning', 'data analysis', 'nlp', 'statistics', 'python']"
11232471,[],"['machine learning', 'data analysis', 'nlp', 'sql', 'statistics', 'excel', 'python']"
21007083,['excel'],"['sql', 'machine learning', 'data analysis', 'nlp', 'statistics', 'python']"
20905088,['excel'],"['sql', 'machine learning', 'data analysis', 'nlp', 'statistics', 'python']"
16723524,['excel'],"['sql', 'machine learning', 'data analysis', 'nlp', 'statistics', 'python']"
14937492,['excel'],"['sql', 'machine learning', 'data analysis', 'nlp', 'statistics', 'python']"
72807293,[],"['machine learning', 'data analysis', 'nlp', 'sql', 'statistics', 'excel', 'python']"
30344127,"['excel', 'statistics']","['sql', 'machine learning', 'data analysis', 'nlp', 'python']"
23719943,['excel'],"['sql', 'machine learning', 'data analysis', 'nlp', 'statistics', 'python']"
58208591,['excel'],"['sql', 'machine learning', 'data analysis', 'nlp', 'statistics', 'python']"
15154822,['excel'],"['sql', 'machine learning', 'data analysis', 'nlp', 'statistics', 'python']"
46514339,['excel'],"['sql', 'machine learning', 'data analysis', 'nlp', 'statistics', 'python']"
11409460,[],"['machine learning', 'data analysis', 'nlp', 'sql', 'statistics', 'excel', 'python']"
99806115,['excel'],"['sql', 'machine learning', 'data analysis', 'nlp', 'statistics', 'python']"
29640922,['excel'],"['sql', 'machine learning', 'data analysis', 'nlp', 'statistics', 'python']"
12860543,['excel'],"['sql', 'machine learning', 'data analysis', 'nlp', 'statistics', 'python']"
29764492,[],"['machine learning', 'data analysis', 'nlp', 'sql', 'statistics', 'excel', 'python']"
91533580,['excel'],"['sql', 'machine learning', 'data analysis', 'nlp', 'statistics', 'python']"
13807808,['excel'],"['sql', 'machine learning', 'data analysis', 'nlp', 'statistics', 'python']"
16605640,[],"['machine learning', 'data analysis', 'nlp', 'sql', 'statistics', 'excel', 'python']"
17714174,['excel'],"['sql', 'machine learning', 'data analysis', 'nlp', 'statistics', 'python']"
28998957,"['data analysis', 'sql', 'excel']","['machine learning', 'statistics', 'nlp', 'python']"
71499299,['excel'],"['sql', 'machine learning', 'data analysis', 'nlp', 'statistics', 'python']"
30430249,['excel'],"['sql', 'machine learning', 'data analysis', 'nlp', 'statistics', 'python']"
10876132,['excel'],"['sql', 'machine learning', 'data analysis', 'nlp', 'statistics', 'python']"
18509268,['excel'],"['sql', 'machine learning', 'data analysis', 'nlp', 'statistics', 'python']"
35571205,['excel'],"['sql', 'machine learning', 'data analysis', 'nlp', 'statistics', 'python']"
23190306,['excel'],"['sql', 'machine learning', 'data analysis', 'nlp', 'statistics', 'python']"
29028935,['excel'],"['sql', 'machine learning', 'data analysis', 'nlp', 'statistics', 'python']"
12059610,[],"['machine learning', 'data analysis', 'nlp', 'sql', 'statistics', 'excel', 'python']"
26829561,[],"['machine learning', 'data analysis', 'nlp', 'sql', 'statistics', 'excel', 'python']"
78273826,['excel'],"['sql', 'machine learning', 'data analysis', 'nlp', 'statistics', 'python']"
27176039,['excel'],"['sql', 'machine learning', 'data analysis', 'nlp', 'statistics', 'python']"
22249155,[],"['machine learning', 'data analysis', 'nlp', 'sql', 'statistics', 'excel', 'python']"
25142074,[],"['machine learning', 'data analysis', 'nlp', 'sql', 'statistics', 'excel', 'python']"
19402977,['excel'],"['sql', 'machine learning', 'data analysis', 'nlp', 'statistics', 'python']"
13858219,[],"['machine learning', 'data analysis', 'nlp', 'sql', 'statistics', 'excel', 'python']"
15746146,[],"['machine learning', 'data analysis', 'nlp', 'sql', 'statistics', 'excel', 'python']"
17659053,['excel'],"['sql', 'machine learning', 'data analysis', 'nlp', 'statistics', 'python']"
26586477,[],"['machine learning', 'data analysis', 'nlp', 'sql', 'statistics', 'excel', 'python']"
37750854,[],"['machine learning', 'data analysis', 'nlp', 'sql', 'statistics', 'excel', 'python']"
33665485,[],"['machine learning', 'data analysis', 'nlp', 'sql', 'statistics', 'excel', 'python']"
26098594,[],"['machine learning', 'data analysis', 'nlp', 'sql', 'statistics', 'excel', 'python']"
91026230,"['excel', 'statistics']","['sql', 'machine learning', 'data analysis', 'nlp', 'python']"
16985289,['excel'],"['sql', 'machine learning', 'data analysis', 'nlp', 'statistics', 'python']"
54308684,['excel'],"['sql', 'machine learning', 'data analysis', 'nlp', 'statistics', 'python']"
10562768,['excel'],"['sql', 'machine learning', 'data analysis', 'nlp', 'statistics', 'python']"
41586420,['excel'],"['sql', 'machine learning', 'data analysis', 'nlp', 'statistics', 'python']"
21570485,['excel'],"['sql', 'machine learning', 'data analysis', 'nlp', 'statistics', 'python']"
12122372,[],"['machine learning', 'data analysis', 'nlp', 'sql', 'statistics', 'excel', 'python']"
14304010,[],"['machine learning', 'data analysis', 'nlp', 'sql', 'statistics', 'excel', 'python']"
36136569,['excel'],"['sql', 'machine learning', 'data analysis', 'nlp', 'statistics', 'python']"
35603950,['excel'],"['sql', 'machine learning', 'data analysis', 'nlp', 'statistics', 'python']"
52252936,['excel'],"['sql', 'machine learning', 'data analysis', 'nlp', 'statistics', 'python']"
70750649,"['data analysis', 'excel']","['sql', 'machine learning', 'nlp', 'statistics', 'python']"
43852883,['excel'],"['sql', 'machine learning', 'data analysis', 'nlp', 'statistics', 'python']"
31761591,['excel'],"['sql', 'machine learning', 'data analysis', 'nlp', 'statistics', 'python']"
31362807,['excel'],"['sql', 'machine learning', 'data analysis', 'nlp', 'statistics', 'python']"
24516163,['excel'],"['sql', 'machine learning', 'data analysis', 'nlp', 'statistics', 'python']"
20504094,[],"['machine learning', 'data analysis', 'nlp', 'sql', 'statistics', 'excel', 'python']"
24989856,[],"['machine learning', 'data analysis', 'nlp', 'sql', 'statistics', 'excel', 'python']"
16500168,['excel'],"['sql', 'machine learning', 'data analysis', 'nlp', 'statistics', 'python']"
35985133,['excel'],"['sql', 'machine learning', 'data analysis', 'nlp', 'statistics', 'python']"
22852364,[],"['machine learning', 'data analysis', 'nlp', 'sql', 'statistics', 'excel', 'python']"
83566455,[],"['machine learning', 'data analysis', 'nlp', 'sql', 'statistics', 'excel', 'python']"
10738095,['excel'],"['sql', 'machine learning', 'data analysis', 'nlp', 'statistics', 'python']"
36094883,['excel'],"['sql', 'machine learning', 'data analysis', 'nlp', 'statistics', 'python']"
19714635,[],"['machine learning', 'data analysis', 'nlp', 'sql', 'statistics', 'excel', 'python']"
56025640,['excel'],"['sql', 'machine learning', 'data analysis', 'nlp', 'statistics', 'python']"
25543217,[],"['machine learning', 'data analysis', 'nlp', 'sql', 'statistics', 'excel', 'python']"
14206561,['excel'],"['sql', 'machine learning', 'data analysis', 'nlp', 'statistics', 'python']"
15139979,[],"['machine learning', 'data analysis', 'nlp', 'sql', 'statistics', 'excel', 'python']"
44624796,['excel'],"['sql', 'machine learning', 'data analysis', 'nlp', 'statistics', 'python']"
54227873,"['python', 'excel']","['sql', 'machine learning', 'data analysis', 'nlp', 'statistics']"
28005884,[],"['machine learning', 'data analysis', 'nlp', 'sql', 'statistics', 'excel', 'python']"
82246962,"['python', 'sql']","['machine learning', 'data analysis', 'nlp', 'statistics', 'excel']"
13149176,[],"['machine learning', 'data analysis', 'nlp', 'sql', 'statistics', 'excel', 'python']"
12022566,[],"['machine learning', 'data analysis', 'nlp', 'sql', 'statistics', 'excel', 'python']"
20981299,[],"['machine learning', 'data analysis', 'nlp', 'sql', 'statistics', 'excel', 'python']"
25919149,['excel'],"['sql', 'machine learning', 'data analysis', 'nlp', 'statistics', 'python']"
86828820,['excel'],"['sql', 'machine learning', 'data analysis', 'nlp', 'statistics', 'python']"
28320387,[],"['machine learning', 'data analysis', 'nlp', 'sql', 'statistics', 'excel', 'python']"
27756469,['excel'],"['sql', 'machine learning', 'data analysis', 'nlp', 'statistics', 'python']"
14049846,['statistics'],"['sql', 'machine learning', 'data analysis', 'nlp', 'excel', 'python']"
43752620,[],"['machine learning', 'data analysis', 'nlp', 'sql', 'statistics', 'excel', 'python']"
74236636,['excel'],"['sql', 'machine learning', 'data analysis', 'nlp', 'statistics', 'python']"
47549345,[],"['machine learning', 'data analysis', 'nlp', 'sql', 'statistics', 'excel', 'python']"
28505854,['machine learning'],"['sql', 'data analysis', 'nlp', 'statistics', 'excel', 'python']"
38535335,['excel'],"['sql', 'machine learning', 'data analysis', 'nlp', 'statistics', 'python']"
25608963,['excel'],"['sql', 'machine learning', 'data analysis', 'nlp', 'statistics', 'python']"
24647794,['excel'],"['sql', 'machine learning', 'data analysis', 'nlp', 'statistics', 'python']"
16803215,[],"['machine learning', 'data analysis', 'nlp', 'sql', 'statistics', 'excel', 'python']"
37335325,[],"['machine learning', 'data analysis', 'nlp', 'sql', 'statistics', 'excel', 'python']"
81125166,['excel'],"['sql', 'machine learning', 'data analysis', 'nlp', 'statistics', 'python']"
32081266,"['sql', 'excel']","['machine learning', 'data analysis', 'nlp', 'statistics', 'python']"
25797445,['excel'],"['sql', 'machine learning', 'data analysis', 'nlp', 'statistics', 'python']"
28831378,[],"['machine learning', 'data analysis', 'nlp', 'sql', 'statistics', 'excel', 'python']"
50328713,"['python', 'machine learning', 'sql']","['statistics', 'data analysis', 'nlp', 'excel']"
27040860,['excel'],"['sql', 'machine learning', 'data analysis', 'nlp', 'statistics', 'python']"
21807224,[],"['machine learning', 'data analysis', 'nlp', 'sql', 'statistics', 'excel', 'python']"
17926546,['excel'],"['sql', 'machine learning', 'data analysis', 'nlp', 'statistics', 'python']"
20882041,['excel'],"['sql', 'machine learning', 'data analysis', 'nlp', 'statistics', 'python']"
56691064,[],"['machine learning', 'data analysis', 'nlp', 'sql', 'statistics', 'excel', 'python']"
64755882,[],"['machine learning', 'data analysis', 'nlp', 'sql', 'statistics', 'excel', 'python']"
30097175,"['sql', 'excel', 'statistics']","['machine learning', 'data analysis', 'nlp', 'python']"
28628090,"['excel', 'statistics']","['sql', 'machine learning', 'data analysis', 'nlp', 'python']"
19612167,['excel'],"['sql', 'machine learning', 'data analysis', 'nlp', 'statistics', 'python']"
21298336,['excel'],"['sql', 'machine learning', 'data analysis', 'nlp', 'statistics', 'python']"
25930778,[],"['machine learning', 'data analysis', 'nlp', 'sql', 'statistics', 'excel', 'python']"
31684925,['excel'],"['sql', 'machine learning', 'data analysis', 'nlp', 'statistics', 'python']"
39855211,['excel'],"['sql', 'machine learning', 'data analysis', 'nlp', 'statistics', 'python']"
12518008,[],"['machine learning', 'data analysis', 'nlp', 'sql', 'statistics', 'excel', 'python']"
20566550,"['python', 'sql', 'excel', 'statistics']","['machine learning', 'data analysis', 'nlp']"
55953734,"['python', 'statistics']","['sql', 'machine learning', 'data analysis', 'nlp', 'excel']"
23234047,[],"['machine learning', 'data analysis', 'nlp', 'sql', 'statistics', 'excel', 'python']"
38314236,['excel'],"['sql', 'machine learning', 'data analysis', 'nlp', 'statistics', 'python']"
25425322,[],"['machine learning', 'data analysis', 'nlp', 'sql', 'statistics', 'excel', 'python']"
55595908,['excel'],"['sql', 'machine learning', 'data analysis', 'nlp', 'statistics', 'python']"
28631840,[],"['machine learning', 'data analysis', 'nlp', 'sql', 'statistics', 'excel', 'python']"
23438227,['excel'],"['sql', 'machine learning', 'data analysis', 'nlp', 'statistics', 'python']"
35737840,['excel'],"['sql', 'machine learning', 'data analysis', 'nlp', 'statistics', 'python']"
90280583,['excel'],"['sql', 'machine learning', 'data analysis', 'nlp', 'statistics', 'python']"
51588273,['sql'],"['machine learning', 'data analysis', 'nlp', 'statistics', 'excel', 'python']"
15601399,['excel'],"['sql', 'machine learning', 'data analysis', 'nlp', 'statistics', 'python']"
64468610,[],"['machine learning', 'data analysis', 'nlp', 'sql', 'statistics', 'excel', 'python']"
28078163,[],"['machine learning', 'data analysis', 'nlp', 'sql', 'statistics', 'excel', 'python']"
31677347,[],"['machine learning', 'data analysis', 'nlp', 'sql', 'statistics', 'excel', 'python']"
28762662,[],"['machine learning', 'data analysis', 'nlp', 'sql', 'statistics', 'excel', 'python']"
15858254,['excel'],"['sql', 'machine learning', 'data analysis', 'nlp', 'statistics', 'python']"
16911115,"['excel', 'statistics']","['sql', 'machine learning', 'data analysis', 'nlp', 'python']"
27152464,"['python', 'sql']","['machine learning', 'data analysis', 'nlp', 'statistics', 'excel']"
35651876,[],"['machine learning', 'data analysis', 'nlp', 'sql', 'statistics', 'excel', 'python']"
19124258,['excel'],"['sql', 'machine learning', 'data analysis', 'nlp', 'statistics', 'python']"
24322804,['excel'],"['sql', 'machine learning', 'data analysis', 'nlp', 'statistics', 'python']"
12488356,['excel'],"['sql', 'machine learning', 'data analysis', 'nlp', 'statistics', 'python']"
26834746,['excel'],"['sql', 'machine learning', 'data analysis', 'nlp', 'statistics', 'python']"
32985311,"['python', 'sql']","['machine learning', 'data analysis', 'nlp', 'statistics', 'excel']"
39835894,[],"['machine learning', 'data analysis', 'nlp', 'sql', 'statistics', 'excel', 'python']"
21847415,['excel'],"['sql', 'machine learning', 'data analysis', 'nlp', 'statistics', 'python']"
30288581,"['sql', 'excel', 'statistics']","['machine learning', 'data analysis', 'nlp', 'python']"
36149549,['excel'],"['sql', 'machine learning', 'data analysis', 'nlp', 'statistics', 'python']"
17103000,[],"['machine learning', 'data analysis', 'nlp', 'sql', 'statistics', 'excel', 'python']"
12011623,"['python', 'machine learning', 'data analysis', 'sql', 'excel', 'statistics']",['nlp']
12748557,[],"['machine learning', 'data analysis', 'nlp', 'sql', 'statistics', 'excel', 'python']"
28923650,"['machine learning', 'statistics']","['sql', 'data analysis', 'nlp', 'excel', 'python']"
30542184,['excel'],"['sql', 'machine learning', 'data analysis', 'nlp', 'statistics', 'python']"
19396040,"['python', 'data analysis', 'excel', 'statistics']","['machine learning', 'nlp', 'sql']"
35389360,"['sql', 'excel']","['machine learning', 'data analysis', 'nlp', 'statistics', 'python']"
36517781,"['excel', 'statistics']","['sql', 'machine learning', 'data analysis', 'nlp', 'python']"
15941675,"['data analysis', 'excel']","['sql', 'machine learning', 'nlp', 'statistics', 'python']"
19397727,['excel'],"['sql', 'machine learning', 'data analysis', 'nlp', 'statistics', 'python']"
47919212,['excel'],"['sql', 'machine learning', 'data analysis', 'nlp', 'statistics', 'python']"
10712803,[],"['machine learning', 'data analysis', 'nlp', 'sql', 'statistics', 'excel', 'python']"
14554542,[],"['machine learning', 'data analysis', 'nlp', 'sql', 'statistics', 'excel', 'python']"
22605864,['excel'],"['sql', 'machine learning', 'data analysis', 'nlp', 'statistics', 'python']"
49127329,[],"['machine learning', 'data analysis', 'nlp', 'sql', 'statistics', 'excel', 'python']"
10219099,['excel'],"['sql', 'machine learning', 'data analysis', 'nlp', 'statistics', 'python']"
82125182,[],"['machine learning', 'data analysis', 'nlp', 'sql', 'statistics', 'excel', 'python']"
22890839,"['python', 'excel']","['sql', 'machine learning', 'data analysis', 'nlp', 'statistics']"
17108676,"['excel', 'statistics']","['sql', 'machine learning', 'data analysis', 'nlp', 'python']"
17488801,['excel'],"['sql', 'machine learning', 'data analysis', 'nlp', 'statistics', 'python']"
23497307,['excel'],"['sql', 'machine learning', 'data analysis', 'nlp', 'statistics', 'python']"
19553067,['excel'],"['sql', 'machine learning', 'data analysis', 'nlp', 'statistics', 'python']"
11981094,[],"['machine learning', 'data analysis', 'nlp', 'sql', 'statistics', 'excel', 'python']"
17043822,"['sql', 'excel']","['machine learning', 'data analysis', 'nlp', 'statistics', 'python']"
21038022,"['sql', 'excel']","['machine learning', 'data analysis', 'nlp', 'statistics', 'python']"
60004873,[],"['machine learning', 'data analysis', 'nlp', 'sql', 'statistics', 'excel', 'python']"
38220146,[],"['machine learning', 'data analysis', 'nlp', 'sql', 'statistics', 'excel', 'python']"
47276718,['excel'],"['sql', 'machine learning', 'data analysis', 'nlp', 'statistics', 'python']"
28630325,['sql'],"['machine learning', 'data analysis', 'nlp', 'statistics', 'excel', 'python']"
13264796,"['data analysis', 'excel']","['sql', 'machine learning', 'nlp', 'statistics', 'python']"
96029688,['data analysis'],"['sql', 'machine learning', 'nlp', 'statistics', 'excel', 'python']"
32802563,['excel'],"['sql', 'machine learning', 'data analysis', 'nlp', 'statistics', 'python']"
18753367,[],"['machine learning', 'data analysis', 'nlp', 'sql', 'statistics', 'excel', 'python']"
26456899,"['sql', 'excel']","['machine learning', 'data analysis', 'nlp', 'statistics', 'python']"
10985403,['machine learning'],"['sql', 'data analysis', 'nlp', 'statistics', 'excel', 'python']"
10030015,[],"['machine learning', 'data analysis', 'nlp', 'sql', 'statistics', 'excel', 'python']"
86209934,[],"['machine learning', 'data analysis', 'nlp', 'sql', 'statistics', 'excel', 'python']"
11890896,"['data analysis', 'sql', 'excel', 'statistics']","['machine learning', 'nlp', 'python']"
10624813,"['python', 'sql']","['machine learning', 'data analysis', 'nlp', 'statistics', 'excel']"
61579998,"['data analysis', 'excel']","['sql', 'machine learning', 'nlp', 'statistics', 'python']"
62071407,[],"['machine learning', 'data analysis', 'nlp', 'sql', 'statistics', 'excel', 'python']"
12472574,"['sql', 'excel']","['machine learning', 'data analysis', 'nlp', 'statistics', 'python']"
31694970,"['data analysis', 'sql', 'excel']","['machine learning', 'statistics', 'nlp', 'python']"
33685075,"['data analysis', 'statistics']","['sql', 'machine learning', 'nlp', 'excel', 'python']"
77828437,['excel'],"['sql', 'machine learning', 'data analysis', 'nlp', 'statistics', 'python']"
35172961,[],"['machine learning', 'data analysis', 'nlp', 'sql', 'statistics', 'excel', 'python']"
21629057,[],"['machine learning', 'data analysis', 'nlp', 'sql', 'statistics', 'excel', 'python']"
15906625,['excel'],"['sql', 'machine learning', 'data analysis', 'nlp', 'statistics', 'python']"
30361788,[],"['machine learning', 'data analysis', 'nlp', 'sql', 'statistics', 'excel', 'python']"
21031285,"['sql', 'excel']","['machine learning', 'data analysis', 'nlp', 'statistics', 'python']"
25749150,['excel'],"['sql', 'machine learning', 'data analysis', 'nlp', 'statistics', 'python']"
12338274,['excel'],"['sql', 'machine learning', 'data analysis', 'nlp', 'statistics', 'python']"
33527446,['excel'],"['sql', 'machine learning', 'data analysis', 'nlp', 'statistics', 'python']"
12442909,['statistics'],"['sql', 'machine learning', 'data analysis', 'nlp', 'excel', 'python']"
37997506,"['data analysis', 'excel']","['sql', 'machine learning', 'nlp', 'statistics', 'python']"
37370455,['excel'],"['sql', 'machine learning', 'data analysis', 'nlp', 'statistics', 'python']"
10554236,['excel'],"['sql', 'machine learning', 'data analysis', 'nlp', 'statistics', 'python']"
31602598,['excel'],"['sql', 'machine learning', 'data analysis', 'nlp', 'statistics', 'python']"
19545827,['excel'],"['sql', 'machine learning', 'data analysis', 'nlp', 'statistics', 'python']"
14470533,['excel'],"['sql', 'machine learning', 'data analysis', 'nlp', 'statistics', 'python']"
43685045,['excel'],"['sql', 'machine learning', 'data analysis', 'nlp', 'statistics', 'python']"
18365791,['excel'],"['sql', 'machine learning', 'data analysis', 'nlp', 'statistics', 'python']"
14224370,['excel'],"['sql', 'machine learning', 'data analysis', 'nlp', 'statistics', 'python']"
21794875,['excel'],"['sql', 'machine learning', 'data analysis', 'nlp', 'statistics', 'python']"
23734441,"['excel', 'statistics']","['sql', 'machine learning', 'data analysis', 'nlp', 'python']"
39115899,"['data analysis', 'sql', 'excel']","['machine learning', 'statistics', 'nlp', 'python']"
23139819,['excel'],"['sql', 'machine learning', 'data analysis', 'nlp', 'statistics', 'python']"
42487883,['excel'],"['sql', 'machine learning', 'data analysis', 'nlp', 'statistics', 'python']"
23636277,['excel'],"['sql', 'machine learning', 'data analysis', 'nlp', 'statistics', 'python']"
21338490,['excel'],"['sql', 'machine learning', 'data analysis', 'nlp', 'statistics', 'python']"
14491649,['excel'],"['sql', 'machine learning', 'data analysis', 'nlp', 'statistics', 'python']"
17407184,['excel'],"['sql', 'machine learning', 'data analysis', 'nlp', 'statistics', 'python']"
30813919,['excel'],"['sql', 'machine learning', 'data analysis', 'nlp', 'statistics', 'python']"
78403342,"['excel', 'statistics']","['sql', 'machine learning', 'data analysis', 'nlp', 'python']"
20393721,"['data analysis', 'excel', 'statistics']","['machine learning', 'python', 'nlp', 'sql']"
24817041,['excel'],"['sql', 'machine learning', 'data analysis', 'nlp', 'statistics', 'python']"
27980446,['excel'],"['sql', 'machine learning', 'data analysis', 'nlp', 'statistics', 'python']"
25462793,[],"['machine learning', 'data analysis', 'nlp', 'sql', 'statistics', 'excel', 'python']"
29456173,['excel'],"['sql', 'machine learning', 'data analysis', 'nlp', 'statistics', 'python']"
59403481,['excel'],"['sql', 'machine learning', 'data analysis', 'nlp', 'statistics', 'python']"
13491889,['excel'],"['sql', 'machine learning', 'data analysis', 'nlp', 'statistics', 'python']"
25846894,['excel'],"['sql', 'machine learning', 'data analysis', 'nlp', 'statistics', 'python']"
53640713,['excel'],"['sql', 'machine learning', 'data analysis', 'nlp', 'statistics', 'python']"
11163645,['excel'],"['sql', 'machine learning', 'data analysis', 'nlp', 'statistics', 'python']"
23513618,['excel'],"['sql', 'machine learning', 'data analysis', 'nlp', 'statistics', 'python']"
75286906,['excel'],"['sql', 'machine learning', 'data analysis', 'nlp', 'statistics', 'python']"
20253563,['excel'],"['sql', 'machine learning', 'data analysis', 'nlp', 'statistics', 'python']"
16237710,['excel'],"['sql', 'machine learning', 'data analysis', 'nlp', 'statistics', 'python']"
13294301,['excel'],"['sql', 'machine learning', 'data analysis', 'nlp', 'statistics', 'python']"
13130984,['excel'],"['sql', 'machine learning', 'data analysis', 'nlp', 'statistics', 'python']"
25127518,[],"['machine learning', 'data analysis', 'nlp', 'sql', 'statistics', 'excel', 'python']"
24799301,[],"['machine learning', 'data analysis', 'nlp', 'sql', 'statistics', 'excel', 'python']"
25067742,['excel'],"['sql', 'machine learning', 'data analysis', 'nlp', 'statistics', 'python']"
15821633,"['data analysis', 'excel']","['sql', 'machine learning', 'nlp', 'statistics', 'python']"
15363277,['excel'],"['sql', 'machine learning', 'data analysis', 'nlp', 'statistics', 'python']"
18132924,"['sql', 'excel']","['machine learning', 'data analysis', 'nlp', 'statistics', 'python']"
63137898,['excel'],"['sql', 'machine learning', 'data analysis', 'nlp', 'statistics', 'python']"
21763056,['excel'],"['sql', 'machine learning', 'data analysis', 'nlp', 'statistics', 'python']"
20624984,[],"['machine learning', 'data analysis', 'nlp', 'sql', 'statistics', 'excel', 'python']"
25935030,[],"['machine learning', 'data analysis', 'nlp', 'sql', 'statistics', 'excel', 'python']"
17556527,['excel'],"['sql', 'machine learning', 'data analysis', 'nlp', 'statistics', 'python']"
28939941,['excel'],"['sql', 'machine learning', 'data analysis', 'nlp', 'statistics', 'python']"
28359817,[],"['machine learning', 'data analysis', 'nlp', 'sql', 'statistics', 'excel', 'python']"
20345168,['excel'],"['sql', 'machine learning', 'data analysis', 'nlp', 'statistics', 'python']"
14496667,['excel'],"['sql', 'machine learning', 'data analysis', 'nlp', 'statistics', 'python']"
25862026,[],"['machine learning', 'data analysis', 'nlp', 'sql', 'statistics', 'excel', 'python']"
23246831,['excel'],"['sql', 'machine learning', 'data analysis', 'nlp', 'statistics', 'python']"
49204385,['excel'],"['sql', 'machine learning', 'data analysis', 'nlp', 'statistics', 'python']"
12802330,['excel'],"['sql', 'machine learning', 'data analysis', 'nlp', 'statistics', 'python']"
22925443,"['excel', 'statistics']","['sql', 'machine learning', 'data analysis', 'nlp', 'python']"
28614791,['excel'],"['sql', 'machine learning', 'data analysis', 'nlp', 'statistics', 'python']"
30304575,['excel'],"['sql', 'machine learning', 'data analysis', 'nlp', 'statistics', 'python']"
26065877,['excel'],"['sql', 'machine learning', 'data analysis', 'nlp', 'statistics', 'python']"
29821051,['excel'],"['sql', 'machine learning', 'data analysis', 'nlp', 'statistics', 'python']"
29999135,['excel'],"['sql', 'machine learning', 'data analysis', 'nlp', 'statistics', 'python']"
21853199,[],"['machine learning', 'data analysis', 'nlp', 'sql', 'statistics', 'excel', 'python']"
39674178,[],"['machine learning', 'data analysis', 'nlp', 'sql', 'statistics', 'excel', 'python']"
14449423,"['sql', 'excel']","['machine learning', 'data analysis', 'nlp', 'statistics', 'python']"
25547145,['excel'],"['sql', 'machine learning', 'data analysis', 'nlp', 'statistics', 'python']"
14055988,[],"['machine learning', 'data analysis', 'nlp', 'sql', 'statistics', 'excel', 'python']"
27637576,['excel'],"['sql', 'machine learning', 'data analysis', 'nlp', 'statistics', 'python']"
49997097,['excel'],"['sql', 'machine learning', 'data analysis', 'nlp', 'statistics', 'python']"
27558837,['excel'],"['sql', 'machine learning', 'data analysis', 'nlp', 'statistics', 'python']"
14126433,['excel'],"['sql', 'machine learning', 'data analysis', 'nlp', 'statistics', 'python']"
34198885,[],"['machine learning', 'data analysis', 'nlp', 'sql', 'statistics', 'excel', 'python']"
62809577,[],"['machine learning', 'data analysis', 'nlp', 'sql', 'statistics', 'excel', 'python']"
12065211,"['sql', 'excel']","['machine learning', 'data analysis', 'nlp', 'statistics', 'python']"
23416654,['excel'],"['sql', 'machine learning', 'data analysis', 'nlp', 'statistics', 'python']"
38847011,[],"['machine learning', 'data analysis', 'nlp', 'sql', 'statistics', 'excel', 'python']"
27573855,['excel'],"['sql', 'machine learning', 'data analysis', 'nlp', 'statistics', 'python']"
15592167,['excel'],"['sql', 'machine learning', 'data analysis', 'nlp', 'statistics', 'python']"
20082776,[],"['machine learning', 'data analysis', 'nlp', 'sql', 'statistics', 'excel', 'python']"
10674770,['excel'],"['sql', 'machine learning', 'data analysis', 'nlp', 'statistics', 'python']"
24294778,['excel'],"['sql', 'machine learning', 'data analysis', 'nlp', 'statistics', 'python']"
11759079,['excel'],"['sql', 'machine learning', 'data analysis', 'nlp', 'statistics', 'python']"
18669563,['excel'],"['sql', 'machine learning', 'data analysis', 'nlp', 'statistics', 'python']"
18569929,['excel'],"['sql', 'machine learning', 'data analysis', 'nlp', 'statistics', 'python']"
80053367,"['excel', 'statistics']","['sql', 'machine learning', 'data analysis', 'nlp', 'python']"
87635012,"['sql', 'excel']","['machine learning', 'data analysis', 'nlp', 'statistics', 'python']"
24703009,[],"['machine learning', 'data analysis', 'nlp', 'sql', 'statistics', 'excel', 'python']"
25867805,['excel'],"['sql', 'machine learning', 'data analysis', 'nlp', 'statistics', 'python']"
35554162,[],"['machine learning', 'data analysis', 'nlp', 'sql', 'statistics', 'excel', 'python']"
13701259,['excel'],"['sql', 'machine learning', 'data analysis', 'nlp', 'statistics', 'python']"
12202337,"['excel', 'statistics']","['sql', 'machine learning', 'data analysis', 'nlp', 'python']"
19446337,['excel'],"['sql', 'machine learning', 'data analysis', 'nlp', 'statistics', 'python']"
15289348,['excel'],"['sql', 'machine learning', 'data analysis', 'nlp', 'statistics', 'python']"
28969385,['excel'],"['sql', 'machine learning', 'data analysis', 'nlp', 'statistics', 'python']"
36425270,['excel'],"['sql', 'machine learning', 'data analysis', 'nlp', 'statistics', 'python']"
78257294,[],"['machine learning', 'data analysis', 'nlp', 'sql', 'statistics', 'excel', 'python']"
23438112,[],"['machine learning', 'data analysis', 'nlp', 'sql', 'statistics', 'excel', 'python']"
98559931,['excel'],"['sql', 'machine learning', 'data analysis', 'nlp', 'statistics', 'python']"
17306905,['excel'],"['sql', 'machine learning', 'data analysis', 'nlp', 'statistics', 'python']"
12780508,['excel'],"['sql', 'machine learning', 'data analysis', 'nlp', 'statistics', 'python']"
26975573,['excel'],"['sql', 'machine learning', 'data analysis', 'nlp', 'statistics', 'python']"
28298773,['excel'],"['sql', 'machine learning', 'data analysis', 'nlp', 'statistics', 'python']"
29050809,['excel'],"['sql', 'machine learning', 'data analysis', 'nlp', 'statistics', 'python']"
34816637,['excel'],"['sql', 'machine learning', 'data analysis', 'nlp', 'statistics', 'python']"
22465498,[],"['machine learning', 'data analysis', 'nlp', 'sql', 'statistics', 'excel', 'python']"
24103168,['excel'],"['sql', 'machine learning', 'data analysis', 'nlp', 'statistics', 'python']"
36024962,['excel'],"['sql', 'machine learning', 'data analysis', 'nlp', 'statistics', 'python']"
18635654,['excel'],"['sql', 'machine learning', 'data analysis', 'nlp', 'statistics', 'python']"
50222417,['excel'],"['sql', 'machine learning', 'data analysis', 'nlp', 'statistics', 'python']"
23387174,['excel'],"['sql', 'machine learning', 'data analysis', 'nlp', 'statistics', 'python']"
13072019,['excel'],"['sql', 'machine learning', 'data analysis', 'nlp', 'statistics', 'python']"
82649935,['excel'],"['sql', 'machine learning', 'data analysis', 'nlp', 'statistics', 'python']"
99433371,['excel'],"['sql', 'machine learning', 'data analysis', 'nlp', 'statistics', 'python']"
10734870,['excel'],"['sql', 'machine learning', 'data analysis', 'nlp', 'statistics', 'python']"
18472240,[],"['machine learning', 'data analysis', 'nlp', 'sql', 'statistics', 'excel', 'python']"
71576860,['excel'],"['sql', 'machine learning', 'data analysis', 'nlp', 'statistics', 'python']"
29087505,['excel'],"['sql', 'machine learning', 'data analysis', 'nlp', 'statistics', 'python']"
22965804,[],"['machine learning', 'data analysis', 'nlp', 'sql', 'statistics', 'excel', 'python']"
33141415,"['sql', 'excel']","['machine learning', 'data analysis', 'nlp', 'statistics', 'python']"
26509539,['excel'],"['sql', 'machine learning', 'data analysis', 'nlp', 'statistics', 'python']"
36331163,['excel'],"['sql', 'machine learning', 'data analysis', 'nlp', 'statistics', 'python']"
25656981,[],"['machine learning', 'data analysis', 'nlp', 'sql', 'statistics', 'excel', 'python']"
26091595,[],"['machine learning', 'data analysis', 'nlp', 'sql', 'statistics', 'excel', 'python']"
11393213,[],"['machine learning', 'data analysis', 'nlp', 'sql', 'statistics', 'excel', 'python']"
14900898,[],"['machine learning', 'data analysis', 'nlp', 'sql', 'statistics', 'excel', 'python']"
25098739,['excel'],"['sql', 'machine learning', 'data analysis', 'nlp', 'statistics', 'python']"
78114950,[],"['machine learning', 'data analysis', 'nlp', 'sql', 'statistics', 'excel', 'python']"
35971546,['excel'],"['sql', 'machine learning', 'data analysis', 'nlp', 'statistics', 'python']"
22019500,[],"['machine learning', 'data analysis', 'nlp', 'sql', 'statistics', 'excel', 'python']"
12839152,['excel'],"['sql', 'machine learning', 'data analysis', 'nlp', 'statistics', 'python']"
16353584,['excel'],"['sql', 'machine learning', 'data analysis', 'nlp', 'statistics', 'python']"
29878348,[],"['machine learning', 'data analysis', 'nlp', 'sql', 'statistics', 'excel', 'python']"
28815362,['excel'],"['sql', 'machine learning', 'data analysis', 'nlp', 'statistics', 'python']"
15564893,['excel'],"['sql', 'machine learning', 'data analysis', 'nlp', 'statistics', 'python']"
12491898,[],"['machine learning', 'data analysis', 'nlp', 'sql', 'statistics', 'excel', 'python']"
29574501,['excel'],"['sql', 'machine learning', 'data analysis', 'nlp', 'statistics', 'python']"
32799518,['excel'],"['sql', 'machine learning', 'data analysis', 'nlp', 'statistics', 'python']"
28942221,[],"['machine learning', 'data analysis', 'nlp', 'sql', 'statistics', 'excel', 'python']"
10176013,['excel'],"['sql', 'machine learning', 'data analysis', 'nlp', 'statistics', 'python']"
16378091,['excel'],"['sql', 'machine learning', 'data analysis', 'nlp', 'statistics', 'python']"
16203589,['excel'],"['sql', 'machine learning', 'data analysis', 'nlp', 'statistics', 'python']"
63145386,['excel'],"['sql', 'machine learning', 'data analysis', 'nlp', 'statistics', 'python']"
13907230,['excel'],"['sql', 'machine learning', 'data analysis', 'nlp', 'statistics', 'python']"
21586858,['excel'],"['sql', 'machine learning', 'data analysis', 'nlp', 'statistics', 'python']"
61065616,['excel'],"['sql', 'machine learning', 'data analysis', 'nlp', 'statistics', 'python']"
19471144,['excel'],"['sql', 'machine learning', 'data analysis', 'nlp', 'statistics', 'python']"
17342969,[],"['machine learning', 'data analysis', 'nlp', 'sql', 'statistics', 'excel', 'python']"
10041713,"['sql', 'excel']","['machine learning', 'data analysis', 'nlp', 'statistics', 'python']"
24770846,['excel'],"['sql', 'machine learning', 'data analysis', 'nlp', 'statistics', 'python']"
24740005,['excel'],"['sql', 'machine learning', 'data analysis', 'nlp', 'statistics', 'python']"
14585273,['excel'],"['sql', 'machine learning', 'data analysis', 'nlp', 'statistics', 'python']"
28756444,[],"['machine learning', 'data analysis', 'nlp', 'sql', 'statistics', 'excel', 'python']"
10281555,['excel'],"['sql', 'machine learning', 'data analysis', 'nlp', 'statistics', 'python']"
48549972,[],"['machine learning', 'data analysis', 'nlp', 'sql', 'statistics', 'excel', 'python']"
17252448,['data analysis'],"['sql', 'machine learning', 'nlp', 'statistics', 'excel', 'python']"
15721849,[],"['machine learning', 'data analysis', 'nlp', 'sql', 'statistics', 'excel', 'python']"
56525735,[],"['machine learning', 'data analysis', 'nlp', 'sql', 'statistics', 'excel', 'python']"
51638201,['excel'],"['sql', 'machine learning', 'data analysis', 'nlp', 'statistics', 'python']"
94503308,[],"['machine learning', 'data analysis', 'nlp', 'sql', 'statistics', 'excel', 'python']"
27835351,[],"['machine learning', 'data analysis', 'nlp', 'sql', 'statistics', 'excel', 'python']"
38946032,"['sql', 'excel']","['machine learning', 'data analysis', 'nlp', 'statistics', 'python']"
39674782,['statistics'],"['sql', 'machine learning', 'data analysis', 'nlp', 'excel', 'python']"
29193505,['excel'],"['sql', 'machine learning', 'data analysis', 'nlp', 'statistics', 'python']"
12890045,['excel'],"['sql', 'machine learning', 'data analysis', 'nlp', 'statistics', 'python']"
29894080,['excel'],"['sql', 'machine learning', 'data analysis', 'nlp', 'statistics', 'python']"
32025286,['excel'],"['sql', 'machine learning', 'data analysis', 'nlp', 'statistics', 'python']"
21567392,['excel'],"['sql', 'machine learning', 'data analysis', 'nlp', 'statistics', 'python']"
32265203,['excel'],"['sql', 'machine learning', 'data analysis', 'nlp', 'statistics', 'python']"
27246366,[],"['machine learning', 'data analysis', 'nlp', 'sql', 'statistics', 'excel', 'python']"
27066370,[],"['machine learning', 'data analysis', 'nlp', 'sql', 'statistics', 'excel', 'python']"
21363048,['excel'],"['sql', 'machine learning', 'data analysis', 'nlp', 'statistics', 'python']"
21782152,['excel'],"['sql', 'machine learning', 'data analysis', 'nlp', 'statistics', 'python']"
16626724,['excel'],"['sql', 'machine learning', 'data analysis', 'nlp', 'statistics', 'python']"
25224998,[],"['machine learning', 'data analysis', 'nlp', 'sql', 'statistics', 'excel', 'python']"
28803888,['excel'],"['sql', 'machine learning', 'data analysis', 'nlp', 'statistics', 'python']"
25187733,['excel'],"['sql', 'machine learning', 'data analysis', 'nlp', 'statistics', 'python']"
88859947,['excel'],"['sql', 'machine learning', 'data analysis', 'nlp', 'statistics', 'python']"
17570634,['excel'],"['sql', 'machine learning', 'data analysis', 'nlp', 'statistics', 'python']"
10149490,"['excel', 'statistics']","['sql', 'machine learning', 'data analysis', 'nlp', 'python']"
19364677,['excel'],"['sql', 'machine learning', 'data analysis', 'nlp', 'statistics', 'python']"
22983516,['excel'],"['sql', 'machine learning', 'data analysis', 'nlp', 'statistics', 'python']"
31850269,['excel'],"['sql', 'machine learning', 'data analysis', 'nlp', 'statistics', 'python']"
27243670,['excel'],"['sql', 'machine learning', 'data analysis', 'nlp', 'statistics', 'python']"
44147689,['excel'],"['sql', 'machine learning', 'data analysis', 'nlp', 'statistics', 'python']"
12654876,[],"['machine learning', 'data analysis', 'nlp', 'sql', 'statistics', 'excel', 'python']"
49685006,['excel'],"['sql', 'machine learning', 'data analysis', 'nlp', 'statistics', 'python']"
12212468,['excel'],"['sql', 'machine learning', 'data analysis', 'nlp', 'statistics', 'python']"
29483501,['excel'],"['sql', 'machine learning', 'data analysis', 'nlp', 'statistics', 'python']"
69764348,['excel'],"['sql', 'machine learning', 'data analysis', 'nlp', 'statistics', 'python']"
18882984,['excel'],"['sql', 'machine learning', 'data analysis', 'nlp', 'statistics', 'python']"
45475027,['excel'],"['sql', 'machine learning', 'data analysis', 'nlp', 'statistics', 'python']"
34544955,['excel'],"['sql', 'machine learning', 'data analysis', 'nlp', 'statistics', 'python']"
93436805,['excel'],"['sql', 'machine learning', 'data analysis', 'nlp', 'statistics', 'python']"
39908485,['excel'],"['sql', 'machine learning', 'data analysis', 'nlp', 'statistics', 'python']"
39566718,['excel'],"['sql', 'machine learning', 'data analysis', 'nlp', 'statistics', 'python']"
12666174,['excel'],"['sql', 'machine learning', 'data analysis', 'nlp', 'statistics', 'python']"
20565849,[],"['machine learning', 'data analysis', 'nlp', 'sql', 'statistics', 'excel', 'python']"
12693146,['excel'],"['sql', 'machine learning', 'data analysis', 'nlp', 'statistics', 'python']"
14849103,[],"['machine learning', 'data analysis', 'nlp', 'sql', 'statistics', 'excel', 'python']"
10100240,['excel'],"['sql', 'machine learning', 'data analysis', 'nlp', 'statistics', 'python']"
22894544,[],"['machine learning', 'data analysis', 'nlp', 'sql', 'statistics', 'excel', 'python']"
19928941,[],"['machine learning', 'data analysis', 'nlp', 'sql', 'statistics', 'excel', 'python']"
39027764,[],"['machine learning', 'data analysis', 'nlp', 'sql', 'statistics', 'excel', 'python']"
23818675,['excel'],"['sql', 'machine learning', 'data analysis', 'nlp', 'statistics', 'python']"
24953126,[],"['machine learning', 'data analysis', 'nlp', 'sql', 'statistics', 'excel', 'python']"
22718826,[],"['machine learning', 'data analysis', 'nlp', 'sql', 'statistics', 'excel', 'python']"
24361598,['excel'],"['sql', 'machine learning', 'data analysis', 'nlp', 'statistics', 'python']"
20681037,['excel'],"['sql', 'machine learning', 'data analysis', 'nlp', 'statistics', 'python']"
16924279,['excel'],"['sql', 'machine learning', 'data analysis', 'nlp', 'statistics', 'python']"
30311725,['excel'],"['sql', 'machine learning', 'data analysis', 'nlp', 'statistics', 'python']"
29061628,[],"['machine learning', 'data analysis', 'nlp', 'sql', 'statistics', 'excel', 'python']"
33023370,['excel'],"['sql', 'machine learning', 'data analysis', 'nlp', 'statistics', 'python']"
32773331,['excel'],"['sql', 'machine learning', 'data analysis', 'nlp', 'statistics', 'python']"
10820510,['excel'],"['sql', 'machine learning', 'data analysis', 'nlp', 'statistics', 'python']"
28949406,['excel'],"['sql', 'machine learning', 'data analysis', 'nlp', 'statistics', 'python']"
12826414,[],"['machine learning', 'data analysis', 'nlp', 'sql', 'statistics', 'excel', 'python']"
63083944,['excel'],"['sql', 'machine learning', 'data analysis', 'nlp', 'statistics', 'python']"
22546476,[],"['machine learning', 'data analysis', 'nlp', 'sql', 'statistics', 'excel', 'python']"
90032884,[],"['machine learning', 'data analysis', 'nlp', 'sql', 'statistics', 'excel', 'python']"
27187994,[],"['machine learning', 'data analysis', 'nlp', 'sql', 'statistics', 'excel', 'python']"
30397268,['excel'],"['sql', 'machine learning', 'data analysis', 'nlp', 'statistics', 'python']"
78298706,['excel'],"['sql', 'machine learning', 'data analysis', 'nlp', 'statistics', 'python']"
11650031,['excel'],"['sql', 'machine learning', 'data analysis', 'nlp', 'statistics', 'python']"
12695537,['excel'],"['sql', 'machine learning', 'data analysis', 'nlp', 'statistics', 'python']"
31392754,['excel'],"['sql', 'machine learning', 'data analysis', 'nlp', 'statistics', 'python']"
23143731,['excel'],"['sql', 'machine learning', 'data analysis', 'nlp', 'statistics', 'python']"
26130673,['data analysis'],"['sql', 'machine learning', 'nlp', 'statistics', 'excel', 'python']"
25070914,['excel'],"['sql', 'machine learning', 'data analysis', 'nlp', 'statistics', 'python']"
37913536,['excel'],"['sql', 'machine learning', 'data analysis', 'nlp', 'statistics', 'python']"
14278888,['data analysis'],"['sql', 'machine learning', 'nlp', 'statistics', 'excel', 'python']"
28831442,['excel'],"['sql', 'machine learning', 'data analysis', 'nlp', 'statistics', 'python']"
98086373,[],"['machine learning', 'data analysis', 'nlp', 'sql', 'statistics', 'excel', 'python']"
23673025,['excel'],"['sql', 'machine learning', 'data analysis', 'nlp', 'statistics', 'python']"
10070224,['excel'],"['sql', 'machine learning', 'data analysis', 'nlp', 'statistics', 'python']"
28290448,['excel'],"['sql', 'machine learning', 'data analysis', 'nlp', 'statistics', 'python']"
24559558,['excel'],"['sql', 'machine learning', 'data analysis', 'nlp', 'statistics', 'python']"
28862054,['excel'],"['sql', 'machine learning', 'data analysis', 'nlp', 'statistics', 'python']"
14536764,['excel'],"['sql', 'machine learning', 'data analysis', 'nlp', 'statistics', 'python']"
37087371,[],"['machine learning', 'data analysis', 'nlp', 'sql', 'statistics', 'excel', 'python']"
12191094,['excel'],"['sql', 'machine learning', 'data analysis', 'nlp', 'statistics', 'python']"
12920612,[],"['machine learning', 'data analysis', 'nlp', 'sql', 'statistics', 'excel', 'python']"
14009087,[],"['machine learning', 'data analysis', 'nlp', 'sql', 'statistics', 'excel', 'python']"
91197243,['excel'],"['sql', 'machine learning', 'data analysis', 'nlp', 'statistics', 'python']"
12545844,['excel'],"['sql', 'machine learning', 'data analysis', 'nlp', 'statistics', 'python']"
31292364,['excel'],"['sql', 'machine learning', 'data analysis', 'nlp', 'statistics', 'python']"
11902276,['excel'],"['sql', 'machine learning', 'data analysis', 'nlp', 'statistics', 'python']"
18436190,['excel'],"['sql', 'machine learning', 'data analysis', 'nlp', 'statistics', 'python']"
23771896,[],"['machine learning', 'data analysis', 'nlp', 'sql', 'statistics', 'excel', 'python']"
25413261,['excel'],"['sql', 'machine learning', 'data analysis', 'nlp', 'statistics', 'python']"
49119887,['excel'],"['sql', 'machine learning', 'data analysis', 'nlp', 'statistics', 'python']"
27000192,['excel'],"['sql', 'machine learning', 'data analysis', 'nlp', 'statistics', 'python']"
27257013,['excel'],"['sql', 'machine learning', 'data analysis', 'nlp', 'statistics', 'python']"
45900271,['excel'],"['sql', 'machine learning', 'data analysis', 'nlp', 'statistics', 'python']"
22560013,['excel'],"['sql', 'machine learning', 'data analysis', 'nlp', 'statistics', 'python']"
24977396,[],"['machine learning', 'data analysis', 'nlp', 'sql', 'statistics', 'excel', 'python']"
14364597,['excel'],"['sql', 'machine learning', 'data analysis', 'nlp', 'statistics', 'python']"
59346975,['excel'],"['sql', 'machine learning', 'data analysis', 'nlp', 'statistics', 'python']"
11850315,['excel'],"['sql', 'machine learning', 'data analysis', 'nlp', 'statistics', 'python']"
24710433,[],"['machine learning', 'data analysis', 'nlp', 'sql', 'statistics', 'excel', 'python']"
21297828,['excel'],"['sql', 'machine learning', 'data analysis', 'nlp', 'statistics', 'python']"
26330995,[],"['machine learning', 'data analysis', 'nlp', 'sql', 'statistics', 'excel', 'python']"
30642458,['excel'],"['sql', 'machine learning', 'data analysis', 'nlp', 'statistics', 'python']"
19503224,['excel'],"['sql', 'machine learning', 'data analysis', 'nlp', 'statistics', 'python']"
36107065,"['data analysis', 'sql', 'excel', 'statistics']","['machine learning', 'nlp', 'python']"
10554045,['excel'],"['sql', 'machine learning', 'data analysis', 'nlp', 'statistics', 'python']"
29525715,[],"['machine learning', 'data analysis', 'nlp', 'sql', 'statistics', 'excel', 'python']"
15917885,[],"['machine learning', 'data analysis', 'nlp', 'sql', 'statistics', 'excel', 'python']"
12567516,['excel'],"['sql', 'machine learning', 'data analysis', 'nlp', 'statistics', 'python']"
21478007,['excel'],"['sql', 'machine learning', 'data analysis', 'nlp', 'statistics', 'python']"
24590489,['excel'],"['sql', 'machine learning', 'data analysis', 'nlp', 'statistics', 'python']"
14667659,['excel'],"['sql', 'machine learning', 'data analysis', 'nlp', 'statistics', 'python']"
19929506,['excel'],"['sql', 'machine learning', 'data analysis', 'nlp', 'statistics', 'python']"
31220062,['excel'],"['sql', 'machine learning', 'data analysis', 'nlp', 'statistics', 'python']"
26173524,['excel'],"['sql', 'machine learning', 'data analysis', 'nlp', 'statistics', 'python']"
85973397,[],"['machine learning', 'data analysis', 'nlp', 'sql', 'statistics', 'excel', 'python']"
18133495,"['sql', 'excel']","['machine learning', 'data analysis', 'nlp', 'statistics', 'python']"
14128006,[],"['machine learning', 'data analysis', 'nlp', 'sql', 'statistics', 'excel', 'python']"
16620172,[],"['machine learning', 'data analysis', 'nlp', 'sql', 'statistics', 'excel', 'python']"
25001005,[],"['machine learning', 'data analysis', 'nlp', 'sql', 'statistics', 'excel', 'python']"
19497420,[],"['machine learning', 'data analysis', 'nlp', 'sql', 'statistics', 'excel', 'python']"
37375999,[],"['machine learning', 'data analysis', 'nlp', 'sql', 'statistics', 'excel', 'python']"
11160414,[],"['machine learning', 'data analysis', 'nlp', 'sql', 'statistics', 'excel', 'python']"
85766635,['excel'],"['sql', 'machine learning', 'data analysis', 'nlp', 'statistics', 'python']"
16226743,['excel'],"['sql', 'machine learning', 'data analysis', 'nlp', 'statistics', 'python']"
61319162,[],"['machine learning', 'data analysis', 'nlp', 'sql', 'statistics', 'excel', 'python']"
38056161,['excel'],"['sql', 'machine learning', 'data analysis', 'nlp', 'statistics', 'python']"
65237556,['excel'],"['sql', 'machine learning', 'data analysis', 'nlp', 'statistics', 'python']"
75329822,['excel'],"['sql', 'machine learning', 'data analysis', 'nlp', 'statistics', 'python']"
11624880,[],"['machine learning', 'data analysis', 'nlp', 'sql', 'statistics', 'excel', 'python']"
31211074,"['excel', 'statistics']","['sql', 'machine learning', 'data analysis', 'nlp', 'python']"
21669215,[],"['machine learning', 'data analysis', 'nlp', 'sql', 'statistics', 'excel', 'python']"
19558834,[],"['machine learning', 'data analysis', 'nlp', 'sql', 'statistics', 'excel', 'python']"
53701275,['excel'],"['sql', 'machine learning', 'data analysis', 'nlp', 'statistics', 'python']"
22455205,"['data analysis', 'excel', 'statistics']","['machine learning', 'python', 'nlp', 'sql']"
20966771,['excel'],"['sql', 'machine learning', 'data analysis', 'nlp', 'statistics', 'python']"
19072267,"['data analysis', 'excel', 'statistics']","['machine learning', 'python', 'nlp', 'sql']"
21321598,['excel'],"['sql', 'machine learning', 'data analysis', 'nlp', 'statistics', 'python']"
11842274,[],"['machine learning', 'data analysis', 'nlp', 'sql', 'statistics', 'excel', 'python']"
21549195,[],"['machine learning', 'data analysis', 'nlp', 'sql', 'statistics', 'excel', 'python']"
36671891,['excel'],"['sql', 'machine learning', 'data analysis', 'nlp', 'statistics', 'python']"
51415089,[],"['machine learning', 'data analysis', 'nlp', 'sql', 'statistics', 'excel', 'python']"
28531493,[],"['machine learning', 'data analysis', 'nlp', 'sql', 'statistics', 'excel', 'python']"
16103783,['excel'],"['sql', 'machine learning', 'data analysis', 'nlp', 'statistics', 'python']"
11635137,[],"['machine learning', 'data analysis', 'nlp', 'sql', 'statistics', 'excel', 'python']"
13129275,['excel'],"['sql', 'machine learning', 'data analysis', 'nlp', 'statistics', 'python']"
20470943,['excel'],"['sql', 'machine learning', 'data analysis', 'nlp', 'statistics', 'python']"
23015611,"['machine learning', 'excel']","['sql', 'data analysis', 'nlp', 'statistics', 'python']"
34712719,['excel'],"['sql', 'machine learning', 'data analysis', 'nlp', 'statistics', 'python']"
14910300,['excel'],"['sql', 'machine learning', 'data analysis', 'nlp', 'statistics', 'python']"
21386255,['excel'],"['sql', 'machine learning', 'data analysis', 'nlp', 'statistics', 'python']"
88651471,['excel'],"['sql', 'machine learning', 'data analysis', 'nlp', 'statistics', 'python']"
22861181,['excel'],"['sql', 'machine learning', 'data analysis', 'nlp', 'statistics', 'python']"
45462344,[],"['machine learning', 'data analysis', 'nlp', 'sql', 'statistics', 'excel', 'python']"
24677466,[],"['machine learning', 'data analysis', 'nlp', 'sql', 'statistics', 'excel', 'python']"
23602130,[],"['machine learning', 'data analysis', 'nlp', 'sql', 'statistics', 'excel', 'python']"
13915715,['excel'],"['sql', 'machine learning', 'data analysis', 'nlp', 'statistics', 'python']"
13727873,['excel'],"['sql', 'machine learning', 'data analysis', 'nlp', 'statistics', 'python']"
93828034,"['data analysis', 'excel']","['sql', 'machine learning', 'nlp', 'statistics', 'python']"
24491862,['excel'],"['sql', 'machine learning', 'data analysis', 'nlp', 'statistics', 'python']"
29329075,['excel'],"['sql', 'machine learning', 'data analysis', 'nlp', 'statistics', 'python']"
33072201,['excel'],"['sql', 'machine learning', 'data analysis', 'nlp', 'statistics', 'python']"
23631724,['excel'],"['sql', 'machine learning', 'data analysis', 'nlp', 'statistics', 'python']"
14611516,['python'],"['sql', 'machine learning', 'data analysis', 'nlp', 'statistics', 'excel']"
32441790,['excel'],"['sql', 'machine learning', 'data analysis', 'nlp', 'statistics', 'python']"
12237267,[],"['machine learning', 'data analysis', 'nlp', 'sql', 'statistics', 'excel', 'python']"
42332765,['excel'],"['sql', 'machine learning', 'data analysis', 'nlp', 'statistics', 'python']"
26127853,[],"['machine learning', 'data analysis', 'nlp', 'sql', 'statistics', 'excel', 'python']"
10926726,['excel'],"['sql', 'machine learning', 'data analysis', 'nlp', 'statistics', 'python']"
14966165,[],"['machine learning', 'data analysis', 'nlp', 'sql', 'statistics', 'excel', 'python']"
22754014,[],"['machine learning', 'data analysis', 'nlp', 'sql', 'statistics', 'excel', 'python']"
28975482,['excel'],"['sql', 'machine learning', 'data analysis', 'nlp', 'statistics', 'python']"
21663616,[],"['machine learning', 'data analysis', 'nlp', 'sql', 'statistics', 'excel', 'python']"
10873344,['excel'],"['sql', 'machine learning', 'data analysis', 'nlp', 'statistics', 'python']"
41590605,['excel'],"['sql', 'machine learning', 'data analysis', 'nlp', 'statistics', 'python']"
23048999,[],"['machine learning', 'data analysis', 'nlp', 'sql', 'statistics', 'excel', 'python']"
74552449,"['excel', 'statistics']","['sql', 'machine learning', 'data analysis', 'nlp', 'python']"
79041971,['excel'],"['sql', 'machine learning', 'data analysis', 'nlp', 'statistics', 'python']"
77156708,['sql'],"['machine learning', 'data analysis', 'nlp', 'statistics', 'excel', 'python']"
24580361,['excel'],"['sql', 'machine learning', 'data analysis', 'nlp', 'statistics', 'python']"
34953092,"['python', 'machine learning', 'sql']","['statistics', 'data analysis', 'nlp', 'excel']"
17189156,['excel'],"['sql', 'machine learning', 'data analysis', 'nlp', 'statistics', 'python']"
19920687,['excel'],"['sql', 'machine learning', 'data analysis', 'nlp', 'statistics', 'python']"
26579709,['excel'],"['sql', 'machine learning', 'data analysis', 'nlp', 'statistics', 'python']"
29093426,['excel'],"['sql', 'machine learning', 'data analysis', 'nlp', 'statistics', 'python']"
33286293,[],"['machine learning', 'data analysis', 'nlp', 'sql', 'statistics', 'excel', 'python']"
29552167,['excel'],"['sql', 'machine learning', 'data analysis', 'nlp', 'statistics', 'python']"
69243180,['excel'],"['sql', 'machine learning', 'data analysis', 'nlp', 'statistics', 'python']"
26987539,['excel'],"['sql', 'machine learning', 'data analysis', 'nlp', 'statistics', 'python']"
17276884,['excel'],"['sql', 'machine learning', 'data analysis', 'nlp', 'statistics', 'python']"
22615491,['excel'],"['sql', 'machine learning', 'data analysis', 'nlp', 'statistics', 'python']"
45167858,['excel'],"['sql', 'machine learning', 'data analysis', 'nlp', 'statistics', 'python']"
13982572,['excel'],"['sql', 'machine learning', 'data analysis', 'nlp', 'statistics', 'python']"
3547447,['excel'],"['sql', 'machine learning', 'data analysis', 'nlp', 'statistics', 'python']"
98965485,['excel'],"['sql', 'machine learning', 'data analysis', 'nlp', 'statistics', 'python']"
38897568,['excel'],"['sql', 'machine learning', 'data analysis', 'nlp', 'statistics', 'python']"
12021752,[],"['machine learning', 'data analysis', 'nlp', 'sql', 'statistics', 'excel', 'python']"
19149865,['excel'],"['sql', 'machine learning', 'data analysis', 'nlp', 'statistics', 'python']"
29839396,"['python', 'data analysis', 'excel', 'statistics']","['machine learning', 'nlp', 'sql']"
15856762,['excel'],"['sql', 'machine learning', 'data analysis', 'nlp', 'statistics', 'python']"
18208580,['excel'],"['sql', 'machine learning', 'data analysis', 'nlp', 'statistics', 'python']"
17396388,[],"['machine learning', 'data analysis', 'nlp', 'sql', 'statistics', 'excel', 'python']"
28419927,['excel'],"['sql', 'machine learning', 'data analysis', 'nlp', 'statistics', 'python']"
87867370,['excel'],"['sql', 'machine learning', 'data analysis', 'nlp', 'statistics', 'python']"
27120528,['excel'],"['sql', 'machine learning', 'data analysis', 'nlp', 'statistics', 'python']"
70667011,['excel'],"['sql', 'machine learning', 'data analysis', 'nlp', 'statistics', 'python']"
36302399,"['excel', 'statistics']","['sql', 'machine learning', 'data analysis', 'nlp', 'python']"
89049979,['excel'],"['sql', 'machine learning', 'data analysis', 'nlp', 'statistics', 'python']"
43375498,[],"['machine learning', 'data analysis', 'nlp', 'sql', 'statistics', 'excel', 'python']"
30713796,['excel'],"['sql', 'machine learning', 'data analysis', 'nlp', 'statistics', 'python']"
18805506,['excel'],"['sql', 'machine learning', 'data analysis', 'nlp', 'statistics', 'python']"
39247950,"['data analysis', 'sql']","['machine learning', 'nlp', 'statistics', 'excel', 'python']"
30127072,[],"['machine learning', 'data analysis', 'nlp', 'sql', 'statistics', 'excel', 'python']"
11065180,['excel'],"['sql', 'machine learning', 'data analysis', 'nlp', 'statistics', 'python']"
11637468,['excel'],"['sql', 'machine learning', 'data analysis', 'nlp', 'statistics', 'python']"
54421668,['excel'],"['sql', 'machine learning', 'data analysis', 'nlp', 'statistics', 'python']"
13393401,[],"['machine learning', 'data analysis', 'nlp', 'sql', 'statistics', 'excel', 'python']"
71422121,"['sql', 'excel']","['machine learning', 'data analysis', 'nlp', 'statistics', 'python']"
18457785,"['sql', 'excel']","['machine learning', 'data analysis', 'nlp', 'statistics', 'python']"
21856577,['excel'],"['sql', 'machine learning', 'data analysis', 'nlp', 'statistics', 'python']"
21645690,"['excel', 'statistics']","['sql', 'machine learning', 'data analysis', 'nlp', 'python']"
25780596,['excel'],"['sql', 'machine learning', 'data analysis', 'nlp', 'statistics', 'python']"
34185495,['excel'],"['sql', 'machine learning', 'data analysis', 'nlp', 'statistics', 'python']"
35483925,"['sql', 'excel']","['machine learning', 'data analysis', 'nlp', 'statistics', 'python']"
19374660,['excel'],"['sql', 'machine learning', 'data analysis', 'nlp', 'statistics', 'python']"
34758680,"['sql', 'excel']","['machine learning', 'data analysis', 'nlp', 'statistics', 'python']"
21297521,"['sql', 'excel', 'nlp']","['machine learning', 'statistics', 'data analysis', 'python']"
23323001,"['excel', 'statistics']","['sql', 'machine learning', 'data analysis', 'nlp', 'python']"
25080805,"['data analysis', 'excel', 'statistics']","['machine learning', 'python', 'nlp', 'sql']"
27606527,"['sql', 'excel']","['machine learning', 'data analysis', 'nlp', 'statistics', 'python']"
33872500,['data analysis'],"['sql', 'machine learning', 'nlp', 'statistics', 'excel', 'python']"
18172739,['excel'],"['sql', 'machine learning', 'data analysis', 'nlp', 'statistics', 'python']"
32980197,['excel'],"['sql', 'machine learning', 'data analysis', 'nlp', 'statistics', 'python']"
11672279,[],"['machine learning', 'data analysis', 'nlp', 'sql', 'statistics', 'excel', 'python']"
33135102,[],"['machine learning', 'data analysis', 'nlp', 'sql', 'statistics', 'excel', 'python']"
20850529,"['sql', 'excel']","['machine learning', 'data analysis', 'nlp', 'statistics', 'python']"
34783330,['excel'],"['sql', 'machine learning', 'data analysis', 'nlp', 'statistics', 'python']"
33370664,[],"['machine learning', 'data analysis', 'nlp', 'sql', 'statistics', 'excel', 'python']"
17823436,"['sql', 'excel']","['machine learning', 'data analysis', 'nlp', 'statistics', 'python']"
15553584,['excel'],"['sql', 'machine learning', 'data analysis', 'nlp', 'statistics', 'python']"
39569771,['excel'],"['sql', 'machine learning', 'data analysis', 'nlp', 'statistics', 'python']"
11842348,[],"['machine learning', 'data analysis', 'nlp', 'sql', 'statistics', 'excel', 'python']"
36905896,['excel'],"['sql', 'machine learning', 'data analysis', 'nlp', 'statistics', 'python']"
13173522,['excel'],"['sql', 'machine learning', 'data analysis', 'nlp', 'statistics', 'python']"
25624652,[],"['machine learning', 'data analysis', 'nlp', 'sql', 'statistics', 'excel', 'python']"
11262933,['excel'],"['sql', 'machine learning', 'data analysis', 'nlp', 'statistics', 'python']"
10909673,[],"['machine learning', 'data analysis', 'nlp', 'sql', 'statistics', 'excel', 'python']"
98348532,"['data analysis', 'sql']","['machine learning', 'nlp', 'statistics', 'excel', 'python']"
19176318,"['sql', 'excel', 'statistics']","['machine learning', 'data analysis', 'nlp', 'python']"
17818707,['excel'],"['sql', 'machine learning', 'data analysis', 'nlp', 'statistics', 'python']"
17213671,['excel'],"['sql', 'machine learning', 'data analysis', 'nlp', 'statistics', 'python']"
31025785,['excel'],"['sql', 'machine learning', 'data analysis', 'nlp', 'statistics', 'python']"
60489316,['sql'],"['machine learning', 'data analysis', 'nlp', 'statistics', 'excel', 'python']"
60182829,['excel'],"['sql', 'machine learning', 'data analysis', 'nlp', 'statistics', 'python']"
21796843,['excel'],"['sql', 'machine learning', 'data analysis', 'nlp', 'statistics', 'python']"
65864767,['excel'],"['sql', 'machine learning', 'data analysis', 'nlp', 'statistics', 'python']"
11773925,"['data analysis', 'excel']","['sql', 'machine learning', 'nlp', 'statistics', 'python']"
26673507,['excel'],"['sql', 'machine learning', 'data analysis', 'nlp', 'statistics', 'python']"
72876163,[],"['machine learning', 'data analysis', 'nlp', 'sql', 'statistics', 'excel', 'python']"
18824120,['excel'],"['sql', 'machine learning', 'data analysis', 'nlp', 'statistics', 'python']"
27884470,[],"['machine learning', 'data analysis', 'nlp', 'sql', 'statistics', 'excel', 'python']"
64589506,[],"['machine learning', 'data analysis', 'nlp', 'sql', 'statistics', 'excel', 'python']"
29406313,[],"['machine learning', 'data analysis', 'nlp', 'sql', 'statistics', 'excel', 'python']"
16300459,['excel'],"['sql', 'machine learning', 'data analysis', 'nlp', 'statistics', 'python']"
20992320,[],"['machine learning', 'data analysis', 'nlp', 'sql', 'statistics', 'excel', 'python']"
73157997,['excel'],"['sql', 'machine learning', 'data analysis', 'nlp', 'statistics', 'python']"
28895997,['excel'],"['sql', 'machine learning', 'data analysis', 'nlp', 'statistics', 'python']"
28051330,[],"['machine learning', 'data analysis', 'nlp', 'sql', 'statistics', 'excel', 'python']"
25162378,['excel'],"['sql', 'machine learning', 'data analysis', 'nlp', 'statistics', 'python']"
99124477,"['sql', 'excel']","['machine learning', 'data analysis', 'nlp', 'statistics', 'python']"
17131084,['excel'],"['sql', 'machine learning', 'data analysis', 'nlp', 'statistics', 'python']"
19437318,['excel'],"['sql', 'machine learning', 'data analysis', 'nlp', 'statistics', 'python']"
35564026,['excel'],"['sql', 'machine learning', 'data analysis', 'nlp', 'statistics', 'python']"
16407619,['excel'],"['sql', 'machine learning', 'data analysis', 'nlp', 'statistics', 'python']"
10329506,['excel'],"['sql', 'machine learning', 'data analysis', 'nlp', 'statistics', 'python']"
19911786,[],"['machine learning', 'data analysis', 'nlp', 'sql', 'statistics', 'excel', 'python']"
96493528,['excel'],"['sql', 'machine learning', 'data analysis', 'nlp', 'statistics', 'python']"
35492909,['excel'],"['sql', 'machine learning', 'data analysis', 'nlp', 'statistics', 'python']"
25200253,['sql'],"['machine learning', 'data analysis', 'nlp', 'statistics', 'excel', 'python']"
68781345,[],"['machine learning', 'data analysis', 'nlp', 'sql', 'statistics', 'excel', 'python']"
14391434,['excel'],"['sql', 'machine learning', 'data analysis', 'nlp', 'statistics', 'python']"
14626780,['excel'],"['sql', 'machine learning', 'data analysis', 'nlp', 'statistics', 'python']"
28989677,['excel'],"['sql', 'machine learning', 'data analysis', 'nlp', 'statistics', 'python']"
41651672,[],"['machine learning', 'data analysis', 'nlp', 'sql', 'statistics', 'excel', 'python']"
18645964,[],"['machine learning', 'data analysis', 'nlp', 'sql', 'statistics', 'excel', 'python']"
18278509,[],"['machine learning', 'data analysis', 'nlp', 'sql', 'statistics', 'excel', 'python']"
18369400,[],"['machine learning', 'data analysis', 'nlp', 'sql', 'statistics', 'excel', 'python']"
11266906,[],"['machine learning', 'data analysis', 'nlp', 'sql', 'statistics', 'excel', 'python']"
31710562,['excel'],"['sql', 'machine learning', 'data analysis', 'nlp', 'statistics', 'python']"
39142536,[],"['machine learning', 'data analysis', 'nlp', 'sql', 'statistics', 'excel', 'python']"
21756639,[],"['machine learning', 'data analysis', 'nlp', 'sql', 'statistics', 'excel', 'python']"
31273413,['excel'],"['sql', 'machine learning', 'data analysis', 'nlp', 'statistics', 'python']"
12386670,['excel'],"['sql', 'machine learning', 'data analysis', 'nlp', 'statistics', 'python']"
93576192,['data analysis'],"['sql', 'machine learning', 'nlp', 'statistics', 'excel', 'python']"
15306049,[],"['machine learning', 'data analysis', 'nlp', 'sql', 'statistics', 'excel', 'python']"
31114531,['excel'],"['sql', 'machine learning', 'data analysis', 'nlp', 'statistics', 'python']"
21060367,[],"['machine learning', 'data analysis', 'nlp', 'sql', 'statistics', 'excel', 'python']"
17325147,[],"['machine learning', 'data analysis', 'nlp', 'sql', 'statistics', 'excel', 'python']"
23752500,[],"['machine learning', 'data analysis', 'nlp', 'sql', 'statistics', 'excel', 'python']"
20149476,['excel'],"['sql', 'machine learning', 'data analysis', 'nlp', 'statistics', 'python']"
54100393,[],"['machine learning', 'data analysis', 'nlp', 'sql', 'statistics', 'excel', 'python']"
11187796,[],"['machine learning', 'data analysis', 'nlp', 'sql', 'statistics', 'excel', 'python']"
39470264,[],"['machine learning', 'data analysis', 'nlp', 'sql', 'statistics', 'excel', 'python']"
12413512,['excel'],"['sql', 'machine learning', 'data analysis', 'nlp', 'statistics', 'python']"
14879257,[],"['machine learning', 'data analysis', 'nlp', 'sql', 'statistics', 'excel', 'python']"
46055835,['excel'],"['sql', 'machine learning', 'data analysis', 'nlp', 'statistics', 'python']"
33344933,['excel'],"['sql', 'machine learning', 'data analysis', 'nlp', 'statistics', 'python']"
24983760,['excel'],"['sql', 'machine learning', 'data analysis', 'nlp', 'statistics', 'python']"
29148871,['data analysis'],"['sql', 'machine learning', 'nlp', 'statistics', 'excel', 'python']"
28325193,[],"['machine learning', 'data analysis', 'nlp', 'sql', 'statistics', 'excel', 'python']"
15265464,['excel'],"['sql', 'machine learning', 'data analysis', 'nlp', 'statistics', 'python']"
24349611,['data analysis'],"['sql', 'machine learning', 'nlp', 'statistics', 'excel', 'python']"
19508520,['excel'],"['sql', 'machine learning', 'data analysis', 'nlp', 'statistics', 'python']"
22800977,[],"['machine learning', 'data analysis', 'nlp', 'sql', 'statistics', 'excel', 'python']"
36758947,['excel'],"['sql', 'machine learning', 'data analysis', 'nlp', 'statistics', 'python']"
11555549,['excel'],"['sql', 'machine learning', 'data analysis', 'nlp', 'statistics', 'python']"
32318506,[],"['machine learning', 'data analysis', 'nlp', 'sql', 'statistics', 'excel', 'python']"
73497035,[],"['machine learning', 'data analysis', 'nlp', 'sql', 'statistics', 'excel', 'python']"
12777487,[],"['machine learning', 'data analysis', 'nlp', 'sql', 'statistics', 'excel', 'python']"
36379931,['excel'],"['sql', 'machine learning', 'data analysis', 'nlp', 'statistics', 'python']"
26069113,[],"['machine learning', 'data analysis', 'nlp', 'sql', 'statistics', 'excel', 'python']"
41950126,['excel'],"['sql', 'machine learning', 'data analysis', 'nlp', 'statistics', 'python']"
20488267,['excel'],"['sql', 'machine learning', 'data analysis', 'nlp', 'statistics', 'python']"
22593054,['excel'],"['sql', 'machine learning', 'data analysis', 'nlp', 'statistics', 'python']"
25561640,['excel'],"['sql', 'machine learning', 'data analysis', 'nlp', 'statistics', 'python']"
43622023,['excel'],"['sql', 'machine learning', 'data analysis', 'nlp', 'statistics', 'python']"
18319061,['excel'],"['sql', 'machine learning', 'data analysis', 'nlp', 'statistics', 'python']"
25923361,['excel'],"['sql', 'machine learning', 'data analysis', 'nlp', 'statistics', 'python']"
18106533,['excel'],"['sql', 'machine learning', 'data analysis', 'nlp', 'statistics', 'python']"
50432401,['excel'],"['sql', 'machine learning', 'data analysis', 'nlp', 'statistics', 'python']"
19724031,['excel'],"['sql', 'machine learning', 'data analysis', 'nlp', 'statistics', 'python']"
28471099,[],"['machine learning', 'data analysis', 'nlp', 'sql', 'statistics', 'excel', 'python']"
22848179,[],"['machine learning', 'data analysis', 'nlp', 'sql', 'statistics', 'excel', 'python']"
37220856,[],"['machine learning', 'data analysis', 'nlp', 'sql', 'statistics', 'excel', 'python']"
78107631,[],"['machine learning', 'data analysis', 'nlp', 'sql', 'statistics', 'excel', 'python']"
21867728,['excel'],"['sql', 'machine learning', 'data analysis', 'nlp', 'statistics', 'python']"
37472265,['excel'],"['sql', 'machine learning', 'data analysis', 'nlp', 'statistics', 'python']"
17033567,['excel'],"['sql', 'machine learning', 'data analysis', 'nlp', 'statistics', 'python']"
19671909,[],"['machine learning', 'data analysis', 'nlp', 'sql', 'statistics', 'excel', 'python']"
11995013,"['excel', 'statistics']","['sql', 'machine learning', 'data analysis', 'nlp', 'python']"
28629430,"['sql', 'excel']","['machine learning', 'data analysis', 'nlp', 'statistics', 'python']"
53227466,[],"['machine learning', 'data analysis', 'nlp', 'sql', 'statistics', 'excel', 'python']"
26079779,['excel'],"['sql', 'machine learning', 'data analysis', 'nlp', 'statistics', 'python']"
83338413,['excel'],"['sql', 'machine learning', 'data analysis', 'nlp', 'statistics', 'python']"
18029935,[],"['machine learning', 'data analysis', 'nlp', 'sql', 'statistics', 'excel', 'python']"
16962067,[],"['machine learning', 'data analysis', 'nlp', 'sql', 'statistics', 'excel', 'python']"
14150896,[],"['machine learning', 'data analysis', 'nlp', 'sql', 'statistics', 'excel', 'python']"
27936502,['excel'],"['sql', 'machine learning', 'data analysis', 'nlp', 'statistics', 'python']"
65325317,['excel'],"['sql', 'machine learning', 'data analysis', 'nlp', 'statistics', 'python']"
30594821,['excel'],"['sql', 'machine learning', 'data analysis', 'nlp', 'statistics', 'python']"
27164756,[],"['machine learning', 'data analysis', 'nlp', 'sql', 'statistics', 'excel', 'python']"
34146825,['excel'],"['sql', 'machine learning', 'data analysis', 'nlp', 'statistics', 'python']"
99561379,['excel'],"['sql', 'machine learning', 'data analysis', 'nlp', 'statistics', 'python']"
54180474,['excel'],"['sql', 'machine learning', 'data analysis', 'nlp', 'statistics', 'python']"
37751611,['excel'],"['sql', 'machine learning', 'data analysis', 'nlp', 'statistics', 'python']"
73030450,[],"['machine learning', 'data analysis', 'nlp', 'sql', 'statistics', 'excel', 'python']"
39608848,['excel'],"['sql', 'machine learning', 'data analysis', 'nlp', 'statistics', 'python']"
16244633,['excel'],"['sql', 'machine learning', 'data analysis', 'nlp', 'statistics', 'python']"
10830646,"['data analysis', 'excel']","['sql', 'machine learning', 'nlp', 'statistics', 'python']"
27024099,['excel'],"['sql', 'machine learning', 'data analysis', 'nlp', 'statistics', 'python']"
65352424,"['data analysis', 'excel']","['sql', 'machine learning', 'nlp', 'statistics', 'python']"
28711616,[],"['machine learning', 'data analysis', 'nlp', 'sql', 'statistics', 'excel', 'python']"
39064638,[],"['machine learning', 'data analysis', 'nlp', 'sql', 'statistics', 'excel', 'python']"
18586076,['excel'],"['sql', 'machine learning', 'data analysis', 'nlp', 'statistics', 'python']"
13272204,['excel'],"['sql', 'machine learning', 'data analysis', 'nlp', 'statistics', 'python']"
11360471,['excel'],"['sql', 'machine learning', 'data analysis', 'nlp', 'statistics', 'python']"
18885767,['excel'],"['sql', 'machine learning', 'data analysis', 'nlp', 'statistics', 'python']"
20698469,[],"['machine learning', 'data analysis', 'nlp', 'sql', 'statistics', 'excel', 'python']"
27715131,[],"['machine learning', 'data analysis', 'nlp', 'sql', 'statistics', 'excel', 'python']"
32794700,[],"['machine learning', 'data analysis', 'nlp', 'sql', 'statistics', 'excel', 'python']"
23139437,[],"['machine learning', 'data analysis', 'nlp', 'sql', 'statistics', 'excel', 'python']"
23917826,['excel'],"['sql', 'machine learning', 'data analysis', 'nlp', 'statistics', 'python']"
20148147,['excel'],"['sql', 'machine learning', 'data analysis', 'nlp', 'statistics', 'python']"
34304175,['excel'],"['sql', 'machine learning', 'data analysis', 'nlp', 'statistics', 'python']"
26410763,[],"['machine learning', 'data analysis', 'nlp', 'sql', 'statistics', 'excel', 'python']"
21809601,['excel'],"['sql', 'machine learning', 'data analysis', 'nlp', 'statistics', 'python']"
27096796,[],"['machine learning', 'data analysis', 'nlp', 'sql', 'statistics', 'excel', 'python']"
25157655,['excel'],"['sql', 'machine learning', 'data analysis', 'nlp', 'statistics', 'python']"
25926667,['excel'],"['sql', 'machine learning', 'data analysis', 'nlp', 'statistics', 'python']"
20356750,['excel'],"['sql', 'machine learning', 'data analysis', 'nlp', 'statistics', 'python']"
24061629,['excel'],"['sql', 'machine learning', 'data analysis', 'nlp', 'statistics', 'python']"
17694454,['excel'],"['sql', 'machine learning', 'data analysis', 'nlp', 'statistics', 'python']"
99033098,['excel'],"['sql', 'machine learning', 'data analysis', 'nlp', 'statistics', 'python']"
38115035,['excel'],"['sql', 'machine learning', 'data analysis', 'nlp', 'statistics', 'python']"
17857644,['excel'],"['sql', 'machine learning', 'data analysis', 'nlp', 'statistics', 'python']"
12334650,['excel'],"['sql', 'machine learning', 'data analysis', 'nlp', 'statistics', 'python']"
36019469,"['data analysis', 'excel']","['sql', 'machine learning', 'nlp', 'statistics', 'python']"
79432080,"['excel', 'statistics']","['sql', 'machine learning', 'data analysis', 'nlp', 'python']"
94230796,['excel'],"['sql', 'machine learning', 'data analysis', 'nlp', 'statistics', 'python']"
66226673,[],"['machine learning', 'data analysis', 'nlp', 'sql', 'statistics', 'excel', 'python']"
83206166,['excel'],"['sql', 'machine learning', 'data analysis', 'nlp', 'statistics', 'python']"
22182279,['excel'],"['sql', 'machine learning', 'data analysis', 'nlp', 'statistics', 'python']"
16887936,['statistics'],"['sql', 'machine learning', 'data analysis', 'nlp', 'excel', 'python']"
14248724,[],"['machine learning', 'data analysis', 'nlp', 'sql', 'statistics', 'excel', 'python']"
69458502,['excel'],"['sql', 'machine learning', 'data analysis', 'nlp', 'statistics', 'python']"
82738323,[],"['machine learning', 'data analysis', 'nlp', 'sql', 'statistics', 'excel', 'python']"
16833515,['excel'],"['sql', 'machine learning', 'data analysis', 'nlp', 'statistics', 'python']"
11804712,['excel'],"['sql', 'machine learning', 'data analysis', 'nlp', 'statistics', 'python']"
21287405,[],"['machine learning', 'data analysis', 'nlp', 'sql', 'statistics', 'excel', 'python']"
10176815,['excel'],"['sql', 'machine learning', 'data analysis', 'nlp', 'statistics', 'python']"
29221006,['excel'],"['sql', 'machine learning', 'data analysis', 'nlp', 'statistics', 'python']"
23761385,[],"['machine learning', 'data analysis', 'nlp', 'sql', 'statistics', 'excel', 'python']"
38355831,[],"['machine learning', 'data analysis', 'nlp', 'sql', 'statistics', 'excel', 'python']"
24773845,['excel'],"['sql', 'machine learning', 'data analysis', 'nlp', 'statistics', 'python']"
17876954,['excel'],"['sql', 'machine learning', 'data analysis', 'nlp', 'statistics', 'python']"
36252245,['excel'],"['sql', 'machine learning', 'data analysis', 'nlp', 'statistics', 'python']"
32720816,['excel'],"['sql', 'machine learning', 'data analysis', 'nlp', 'statistics', 'python']"
36727173,[],"['machine learning', 'data analysis', 'nlp', 'sql', 'statistics', 'excel', 'python']"
91431878,[],"['machine learning', 'data analysis', 'nlp', 'sql', 'statistics', 'excel', 'python']"
42546558,['excel'],"['sql', 'machine learning', 'data analysis', 'nlp', 'statistics', 'python']"
87826037,['excel'],"['sql', 'machine learning', 'data analysis', 'nlp', 'statistics', 'python']"
17483843,['excel'],"['sql', 'machine learning', 'data analysis', 'nlp', 'statistics', 'python']"
22232367,"['python', 'sql', 'excel']","['machine learning', 'statistics', 'data analysis', 'nlp']"
70198580,['statistics'],"['sql', 'machine learning', 'data analysis', 'nlp', 'excel', 'python']"
67631413,['excel'],"['sql', 'machine learning', 'data analysis', 'nlp', 'statistics', 'python']"
26819872,['excel'],"['sql', 'machine learning', 'data analysis', 'nlp', 'statistics', 'python']"
13234267,[],"['machine learning', 'data analysis', 'nlp', 'sql', 'statistics', 'excel', 'python']"
26888302,"['data analysis', 'excel', 'statistics']","['machine learning', 'python', 'nlp', 'sql']"
13195436,['excel'],"['sql', 'machine learning', 'data analysis', 'nlp', 'statistics', 'python']"
81588968,['excel'],"['sql', 'machine learning', 'data analysis', 'nlp', 'statistics', 'python']"
18268860,[],"['machine learning', 'data analysis', 'nlp', 'sql', 'statistics', 'excel', 'python']"
14790629,['excel'],"['sql', 'machine learning', 'data analysis', 'nlp', 'statistics', 'python']"
12144825,"['python', 'sql', 'excel']","['machine learning', 'statistics', 'data analysis', 'nlp']"
90318913,[],"['machine learning', 'data analysis', 'nlp', 'sql', 'statistics', 'excel', 'python']"
26279402,['excel'],"['sql', 'machine learning', 'data analysis', 'nlp', 'statistics', 'python']"
94137171,['excel'],"['sql', 'machine learning', 'data analysis', 'nlp', 'statistics', 'python']"
27902692,[],"['machine learning', 'data analysis', 'nlp', 'sql', 'statistics', 'excel', 'python']"
28186635,[],"['machine learning', 'data analysis', 'nlp', 'sql', 'statistics', 'excel', 'python']"
42641525,[],"['machine learning', 'data analysis', 'nlp', 'sql', 'statistics', 'excel', 'python']"
34419403,['excel'],"['sql', 'machine learning', 'data analysis', 'nlp', 'statistics', 'python']"
43720116,"['python', 'excel']","['sql', 'machine learning', 'data analysis', 'nlp', 'statistics']"
15618327,['excel'],"['sql', 'machine learning', 'data analysis', 'nlp', 'statistics', 'python']"
14589288,[],"['machine learning', 'data analysis', 'nlp', 'sql', 'statistics', 'excel', 'python']"
43408471,['data analysis'],"['sql', 'machine learning', 'nlp', 'statistics', 'excel', 'python']"
38154903,[],"['machine learning', 'data analysis', 'nlp', 'sql', 'statistics', 'excel', 'python']"
29167286,[],"['machine learning', 'data analysis', 'nlp', 'sql', 'statistics', 'excel', 'python']"
11169163,[],"['machine learning', 'data analysis', 'nlp', 'sql', 'statistics', 'excel', 'python']"
28383893,['excel'],"['sql', 'machine learning', 'data analysis', 'nlp', 'statistics', 'python']"
20026169,"['excel', 'statistics']","['sql', 'machine learning', 'data analysis', 'nlp', 'python']"
38047274,['statistics'],"['sql', 'machine learning', 'data analysis', 'nlp', 'excel', 'python']"
16449694,[],"['machine learning', 'data analysis', 'nlp', 'sql', 'statistics', 'excel', 'python']"
11137306,['excel'],"['sql', 'machine learning', 'data analysis', 'nlp', 'statistics', 'python']"
19818707,['excel'],"['sql', 'machine learning', 'data analysis', 'nlp', 'statistics', 'python']"
17274759,['excel'],"['sql', 'machine learning', 'data analysis', 'nlp', 'statistics', 'python']"
19506295,['excel'],"['sql', 'machine learning', 'data analysis', 'nlp', 'statistics', 'python']"
50775901,['excel'],"['sql', 'machine learning', 'data analysis', 'nlp', 'statistics', 'python']"
22990761,[],"['machine learning', 'data analysis', 'nlp', 'sql', 'statistics', 'excel', 'python']"
10945968,[],"['machine learning', 'data analysis', 'nlp', 'sql', 'statistics', 'excel', 'python']"
12192507,['excel'],"['sql', 'machine learning', 'data analysis', 'nlp', 'statistics', 'python']"
24154692,['excel'],"['sql', 'machine learning', 'data analysis', 'nlp', 'statistics', 'python']"
23985183,[],"['machine learning', 'data analysis', 'nlp', 'sql', 'statistics', 'excel', 'python']"
29161565,['excel'],"['sql', 'machine learning', 'data analysis', 'nlp', 'statistics', 'python']"
11333001,[],"['machine learning', 'data analysis', 'nlp', 'sql', 'statistics', 'excel', 'python']"
25718772,['excel'],"['sql', 'machine learning', 'data analysis', 'nlp', 'statistics', 'python']"
65219288,[],"['machine learning', 'data analysis', 'nlp', 'sql', 'statistics', 'excel', 'python']"
27502951,[],"['machine learning', 'data analysis', 'nlp', 'sql', 'statistics', 'excel', 'python']"
15823995,['excel'],"['sql', 'machine learning', 'data analysis', 'nlp', 'statistics', 'python']"
22650051,['excel'],"['sql', 'machine learning', 'data analysis', 'nlp', 'statistics', 'python']"
24668861,['statistics'],"['sql', 'machine learning', 'data analysis', 'nlp', 'excel', 'python']"
42427521,['excel'],"['sql', 'machine learning', 'data analysis', 'nlp', 'statistics', 'python']"
96457008,[],"['machine learning', 'data analysis', 'nlp', 'sql', 'statistics', 'excel', 'python']"
38989376,['excel'],"['sql', 'machine learning', 'data analysis', 'nlp', 'statistics', 'python']"
13405229,['excel'],"['sql', 'machine learning', 'data analysis', 'nlp', 'statistics', 'python']"
17686472,[],"['machine learning', 'data analysis', 'nlp', 'sql', 'statistics', 'excel', 'python']"
54232810,[],"['machine learning', 'data analysis', 'nlp', 'sql', 'statistics', 'excel', 'python']"
25719936,['excel'],"['sql', 'machine learning', 'data analysis', 'nlp', 'statistics', 'python']"
68216398,[],"['machine learning', 'data analysis', 'nlp', 'sql', 'statistics', 'excel', 'python']"
17983430,['excel'],"['sql', 'machine learning', 'data analysis', 'nlp', 'statistics', 'python']"
92283635,[],"['machine learning', 'data analysis', 'nlp', 'sql', 'statistics', 'excel', 'python']"
11614114,['excel'],"['sql', 'machine learning', 'data analysis', 'nlp', 'statistics', 'python']"
61315605,[],"['machine learning', 'data analysis', 'nlp', 'sql', 'statistics', 'excel', 'python']"
16850314,['excel'],"['sql', 'machine learning', 'data analysis', 'nlp', 'statistics', 'python']"
11959428,['excel'],"['sql', 'machine learning', 'data analysis', 'nlp', 'statistics', 'python']"
10395944,[],"['machine learning', 'data analysis', 'nlp', 'sql', 'statistics', 'excel', 'python']"
10189110,['excel'],"['sql', 'machine learning', 'data analysis', 'nlp', 'statistics', 'python']"
10567764,[],"['machine learning', 'data analysis', 'nlp', 'sql', 'statistics', 'excel', 'python']"
30148777,['excel'],"['sql', 'machine learning', 'data analysis', 'nlp', 'statistics', 'python']"
24544244,['excel'],"['sql', 'machine learning', 'data analysis', 'nlp', 'statistics', 'python']"
19284293,['excel'],"['sql', 'machine learning', 'data analysis', 'nlp', 'statistics', 'python']"
11752500,[],"['machine learning', 'data analysis', 'nlp', 'sql', 'statistics', 'excel', 'python']"
31536294,['excel'],"['sql', 'machine learning', 'data analysis', 'nlp', 'statistics', 'python']"
22442947,['excel'],"['sql', 'machine learning', 'data analysis', 'nlp', 'statistics', 'python']"
27512470,['excel'],"['sql', 'machine learning', 'data analysis', 'nlp', 'statistics', 'python']"
14874322,[],"['machine learning', 'data analysis', 'nlp', 'sql', 'statistics', 'excel', 'python']"
23464505,"['data analysis', 'sql']","['machine learning', 'nlp', 'statistics', 'excel', 'python']"
12504278,['excel'],"['sql', 'machine learning', 'data analysis', 'nlp', 'statistics', 'python']"
58048626,['excel'],"['sql', 'machine learning', 'data analysis', 'nlp', 'statistics', 'python']"
15684810,['data analysis'],"['sql', 'machine learning', 'nlp', 'statistics', 'excel', 'python']"
17694572,['excel'],"['sql', 'machine learning', 'data analysis', 'nlp', 'statistics', 'python']"
22168194,[],"['machine learning', 'data analysis', 'nlp', 'sql', 'statistics', 'excel', 'python']"
29595906,['excel'],"['sql', 'machine learning', 'data analysis', 'nlp', 'statistics', 'python']"
77626587,['excel'],"['sql', 'machine learning', 'data analysis', 'nlp', 'statistics', 'python']"
98389424,[],"['machine learning', 'data analysis', 'nlp', 'sql', 'statistics', 'excel', 'python']"
38663892,"['excel', 'statistics']","['sql', 'machine learning', 'data analysis', 'nlp', 'python']"
17152392,['excel'],"['sql', 'machine learning', 'data analysis', 'nlp', 'statistics', 'python']"
49646155,[],"['machine learning', 'data analysis', 'nlp', 'sql', 'statistics', 'excel', 'python']"
33627938,[],"['machine learning', 'data analysis', 'nlp', 'sql', 'statistics', 'excel', 'python']"
12904972,[],"['machine learning', 'data analysis', 'nlp', 'sql', 'statistics', 'excel', 'python']"
12239749,"['excel', 'statistics']","['sql', 'machine learning', 'data analysis', 'nlp', 'python']"
16279537,['statistics'],"['sql', 'machine learning', 'data analysis', 'nlp', 'excel', 'python']"
17008356,[],"['machine learning', 'data analysis', 'nlp', 'sql', 'statistics', 'excel', 'python']"
28020046,"['excel', 'statistics']","['sql', 'machine learning', 'data analysis', 'nlp', 'python']"
25625173,[],"['machine learning', 'data analysis', 'nlp', 'sql', 'statistics', 'excel', 'python']"
29534737,[],"['machine learning', 'data analysis', 'nlp', 'sql', 'statistics', 'excel', 'python']"
17655479,['excel'],"['sql', 'machine learning', 'data analysis', 'nlp', 'statistics', 'python']"
12043694,['excel'],"['sql', 'machine learning', 'data analysis', 'nlp', 'statistics', 'python']"
99416532,['excel'],"['sql', 'machine learning', 'data analysis', 'nlp', 'statistics', 'python']"
24589765,['excel'],"['sql', 'machine learning', 'data analysis', 'nlp', 'statistics', 'python']"
31605080,[],"['machine learning', 'data analysis', 'nlp', 'sql', 'statistics', 'excel', 'python']"
21190805,['excel'],"['sql', 'machine learning', 'data analysis', 'nlp', 'statistics', 'python']"
37473139,['excel'],"['sql', 'machine learning', 'data analysis', 'nlp', 'statistics', 'python']"
